<core:FragmentDefinition xmlns="sap.m" xmlns:core="sap.ui.core">
	<Dialog id="bullCommentDialogue" title="Bulletin Comment" class="sapUiSizeCompact dialog">
		<VBox id="bullCommentField">
			<Label text="{i18n>bulletinCommentsLabel}" design="Bold" class="sapUiTinyMarginTop sapUiSmallMarginBegin labelCls"/>
			<TextArea rows="7" cols="40" width="70%" id="bullCommentsTextArea" class="sapUiSmallMarginBegin"/>
		</VBox>
		<beginButton>
			<Button text="{i18n>ok}" press="onBullCommentSave" type="Accept" class="clsBtnColorYellowGreen"
				width="20%"/>
		</beginButton>
		<endButton>
			<Button text="{i18n>cancel}" press="onBullCommentCancel" type="Reject" class="clsBtnColorYellowRed"
				width="20%"/>
		</endButton>
	</Dialog>
</core:FragmentDefinition>