<core:FragmentDefinition xmlns="sap.m" xmlns:l="sap.ui.layout" xmlns:f="sap.ui.layout.form" xmlns:core="sap.ui.core">
	<VBox>
		<Panel class="DatesPanel">
			<f:SimpleForm editable="true" layout="ResponsiveGridLayout" labelSpanXL="4" labelSpanL="4" labelSpanM="4" labelSpanS="1"
				adjustLabelSpan="false" emptySpanXL="2" emptySpanL="2" emptySpanM="2" emptySpanS="0" columnsXL="3" columnsL="3" columnsM="3"
				singleContainerFullSize="false" class="FormTitleHeight">
				<f:content>
					<core:Title text=""></core:Title>
					<Label text="{i18n>effectiveDateLabelF}" design="Bold" class="labelCls" required="true"/>
					<DatePicker width="100%" id="changeEngStartDate" value="{StartDate}" displayFormat="MM/dd/yyyy" placeholder="MM/DD/YYYY"
						valueFormat="yyyyMMdd" change="onChangeEngStDateSelection" editable="false" class="datePickerCls"/>
					<core:Title text=""></core:Title>
					<Label text="{i18n>endDateLabel}" design="Bold" class="labelCls"/>
					<DatePicker width="100%" id="changeEngEndDate" value="{EndDate}" displayFormat="MM/dd/yyyy" placeholder="MM/DD/YYYY" valueFormat="yyyyMMdd"
						change="onDateSelection" editable="false" class="datePickerCls"/>
					<core:Title text=""></core:Title>
					<Label text="Current Occupant" design="Bold" class="labelCls"/>
					<!--<Text text="{EmpId}-{EmpName}"></Text>-->
					<Text text="{EmpId} {= ${EmpName} === '' ? ' ' : '-' } {EmpName}"></Text>
				</f:content>
			</f:SimpleForm>
		</Panel>
		<f:SimpleForm id="PositionEngChangeFormId" editable="true" layout="ResponsiveGridLayout" labelSpanXL="6" labelSpanL="6" labelSpanM="6"
			labelSpanS="1" adjustLabelSpan="false" emptySpanXL="1" emptySpanL="1" emptySpanM="1" emptySpanS="0" columnsXL="3" columnsL="3" columnsM="3"
			singleContainerFullSize="false" class="FormTitleHeight">
			<f:content>
				<core:Title text=""></core:Title>
				<Label text="{i18n>posIdLabel}" design="Bold" class="labelCls" visible="false"/>
				<Input visible="false" width="100%" value="{PosId}" change="onChange" showValueHelp="true" id="changeEngPosId" editable="false"
					class="valueHelpCls"></Input>
				<Label text="{i18n>posTitleLabel}" design="Bold" class="labelCls" visible="false"/>
				<Input visible="false" width="100%" value="{PosDesc}" change="onChange" showValueHelp="false" id="changeEngPosTitleId" editable="false"/>
				<Label text="{i18n>cityLabel}" design="Bold" class="labelCls" required="true"/>
				<Input placeholder="Select City" value="{City}" id="changeEngCityDropDown" width="100%" editable="true"></Input>
				<Label text="{i18n>stateLabel}" design="Bold" class="labelCls" required="true"/>
				<ComboBox id="changeEngStateDropDown" selectedKey="{State}" value="{StateDesc}" width="100%" showSecondaryValues="true" change="onChange"
					selectionChange="onEngStateChange" editable="true" items="{engStateData>/results}" class="comboCls">
					<core:ListItem key="{engStateData>StateKey}" text="{engStateData>StateDesc}" additionalText="{engStateData>StateKey}"></core:ListItem>
				</ComboBox>
				<Label text="{i18n>regionLabel}" design="Bold" class="labelCls" required="true"/>
				<ComboBox value="{Region}" selectedKey="{Region}" id="changeEngRegion" width="100%" class="comboCls" showSecondaryValues="true"
					editable="true" selectionChange="onEngRegionSelectionChange" filterSecondaryValues="true" change="onEngRegionChange"
					items="{engRegionSuggModel>/results}">
					<core:ListItem key="{engRegionSuggModel>Region}" text="{engRegionSuggModel>Region}"></core:ListItem>
				</ComboBox>
				<Label text="{i18n>divLabel}" design="Bold" class="labelCls" required="true"/>
				<ComboBox id="changeEngDivDropDown" value="{Division}" width="100%" showSecondaryValues="true" change="onChange"
					selectionChange="onEngDivisionChange" editable="true" items="{engDiviData>/results}" class="comboCls">
					<core:ListItem key="{engDiviData>Division}" text="{engDiviData>Division}"></core:ListItem>
				</ComboBox>
				<Label text="{i18n>districtLabel}" design="Bold" class="labelCls" required="true"/>
				<ComboBox id="districtId" value="{District}" width="100%" showSecondaryValues="true" selectionChange="onEngDistrictChange" change="onChange"
					editable="true" items="{engDistData>/results}" class="comboCls">
					<core:ListItem key="{engDistData>District}" text="{engDistData>District}"></core:ListItem>
				</ComboBox>
				<Label text="{i18n>dpgZoneLabel}" design="Bold" class="labelCls"/>
				<Input width="100%" liveChange="onDpgChange" editable="false" value="{DPGZone}"/>
				<Label text="{i18n>headQuartersLabel}" design="Bold" class="labelCls"/>
				<ComboBox id="changeEngGangClsId" width="100%" selectedKey="{GangClass}" showSecondaryValues="true" change="onEngHeadQuaterChange"
					class="comboCls">
					<core:ListItem key="a" text=" "></core:ListItem>
					<core:ListItem key="H" text="Headquarters"></core:ListItem>
					<core:ListItem key="M" text="Mobile"></core:ListItem>
				</ComboBox>
				<Label text="{i18n>union}" design="Bold" class="labelCls"/>
				<Input width="100%" value="{Union}" change="onChange" showValueHelp="true" id="changeEngUnionCodeId" editable="false" class="valueHelpCls"></Input>
				<!--<Label text="Effective Date" design="Bold" class="textColor" required="true"/>
				<DatePicker width="100%" id="changeEngStartDate" value="{StartDate}" displayFormat="MM/dd/yyyy" placeholder="MM/DD/YYYY"
					valueFormat="yyyyMMdd" change="onChangeEngStDateSelection" editable="false"/>-->
				<Label text="{i18n>totalRateLabel}" design="Bold" class="labelCls" visible="false"/>
				<Input visible="false" width="100%" value="{TotRate}" class="valueHelpCls" change="onChange" showValueHelp="true" id="changeEngTotalRateId"
					editable="false"></Input>
				<Label text="{i18n>prorataRateLabel}" design="Bold" class="labelCls" visible="false"/>
				<Input width="100%" value="{ProRate}" showValueHelp="false" id="changeEngProrataId" editable="false" visible="false"/>
				<Label text="{i18n>holdDays}" design="Bold" class="labelCls" required="false"/>
				<ComboBox id="holdDropDown" selectedKey="{HoldDays}" width="100%" selectionChange="onEngHoldDaysChange" change="onChange" editable="true"
					items="{holdDropDownModelData>/results}" class="comboCls">
					<core:ListItem key="{holdDropDownModelData>Value}" text="{holdDropDownModelData>Description}"></core:ListItem>
				</ComboBox>
				<Label text="{i18n>noBidLabel}" design="Bold" class="labelCls"/>
				<CheckBox id="noBidId" editable="false" selected="{parts:[{path:'NoBid'}], formatter:'.formatter.checkBoxFormatter'}" class="checkBoxCls"></CheckBox>
				<Label text="{i18n>obsoleteLabel}" design="Bold" class="labelCls"/>
				<CheckBox id="Obsolete" editable="false" selected="{parts:[{path:'ObsFlag'}], formatter:'.formatter.checkBoxFormatter'}" class="checkBoxCls"></CheckBox>
				<!--<Label text="Division" design="Bold" class="textColor"/>
				<ComboBox id="changeEngDivDropDown" value="{Division}" width="100%" showSecondaryValues="true" change="onChange" editable="true"></ComboBox>
				<Label text="District" design="Bold" class="textColor"/>
				<ComboBox id="districtId" value="{District}" width="100%" showSecondaryValues="true" change="onChange" editable="true"></ComboBox>
				<Label text="Rail Road Code" design="Bold" class="textColor"/>
				<ComboBox value="{RRCode}" selectedKey="{RRCode}" id="changeEngRailRaodCodeId" width="100%" showSecondaryValues="true" editable="true"
					selectionChange="onEngRrCodeSelectionChange" filterSecondaryValues="true" change="onEngRrCodeChange"></ComboBox>
-->
				<!--<Label text="Work Schedule" design="Bold" class="textColor"/>
				<ComboBox value="{WorkSch}" selectedKey="{WorkSch}" id="changeEngWorkSch" width="75%" showSecondaryValues="true" editable="true"
					selectionChange="onEngWorkSchSelectionChange" filterSecondaryValues="true" change="onEngWorkSchChange"></ComboBox>-->
				<!--Column2-->
				<core:Title text=""></core:Title>
				<Label text="{i18n>gangDescriptionLabel}" design="Bold" class="labelCls"/>
				<Input width="100%" value="{GangDesc}" showValueHelp="false" id="changeEngGangDesId" editable="false"/>
				<Label text="{i18n>gangIDLabel}" design="Bold" class="labelCls"/>
				<Input width="100%" value="{GangId}" change="onChange" id="changeEngPosgangId" placeholder="Enter Employee Number" showValueHelp="true"
					type="Text" liveChange="onSupChange" suggest="handleSuggest" valueHelpRequest="onPosSupervisorReq" editable="false" class="valueHelpCls"></Input>
				<Label text="{i18n>rosterLabel}" design="Bold" class="labelCls" required="true"/>
				<Input width="100%" value="{RosterNo}" id="changeEngRosterNumId" change="onEngRosterNoChange" showValueHelp="true" enabled="true"
					valueHelpRequest="onRosterNumberValueHelp" submit="onRosterNumberValueHelp" liveChange="onRosterClear"
					class="rosterNoDesc sInputs valueHelpCls"></Input>
				<Label text=""></Label>
				<Text text="{RostDesc}" id="chngRostDesc"></Text>
				<Label text="{i18n>priorRightsRosterLabel}" design="Bold" class="labelCls"/>
				<!--<Input id="changeEngRosterNumId" value="{RosterNo}" width="100%" change="onEngRosterNoChange" showValueHelp="true" showSuggestion="true" editable="true"></Input>-->
				<Input width="100%" value="{PriorRightsRosterNo}" liveChange="onPRRosterClear" id="changeEngPRosterNumId" change="onEngRosterNoChange"
					showValueHelp="true" enabled="true" valueHelpRequest="onPRosterNumberValueHelp" submit="onPRosterNumberValueHelp"
					class="rosterNoDesc sInputs valueHelpCls"></Input>
				<Label text=""></Label>
				<Text text="{PriorRightsRostDesc}" id="chngPRRostDesc"></Text>
				<Label text="{i18n>priorRightsDateLabel}" design="Bold" class="labelCls"/>
				<DatePicker width="100%" id="changeEngPrDate" value="{PriorRightsDate}" displayFormat="MM/dd/yyyy" placeholder="MM/DD/YYYY"
					valueFormat="yyyyMMdd" editable="true" change="onPRdateChange" class="datePickerCls"/>
				<Label text="{i18n>railRoadCodeLabel}" design="Bold" class="labelCls" required="true"/>
				<ComboBox value="{RRCode}" selectedKey="{RRCode}" id="changeEngRailRaodCodeId" width="100%" class="comboCls" showSecondaryValues="true"
					editable="true" selectionChange="onEngRrCodeSelectionChange" filterSecondaryValues="true" change="onEngRrCodeChange"
					items="{engRrCodeSuggModel>/results}">
					<core:ListItem key="{engRrCodeSuggModel>RRCode}" text="{engRrCodeSuggModel>RRCode}"></core:ListItem>
				</ComboBox>
				<Label text="{i18n>positionTypeLabel}" design="Bold" class="labelCls" required="true" visible="false"/>
				<ComboBox value="{PosTypeDesc}" selectedKey="{PosType}" id="changeEngPosType" width="100%" showSecondaryValues="true" editable="true"
					selectionChange="onEngPosTypeSelectionChange" filterSecondaryValues="true" change="onEngPosTypeChange"
					items="{engPosTypeSuggModel>/results}" visible="false" class="comboCls">
					<core:ListItem key="{engPosTypeSuggModel>PosValue}" text="{engPosTypeSuggModel>PosType}" additionalText="{engPosTypeSuggModel>PosValue}"></core:ListItem>
				</ComboBox>
				<Label text="{i18n>positionTypeLabel}" design="Bold" class="labelCls"/>
				<Input width="100%" value="Permanent" editable="false"></Input>
				<Label text="{i18n>milePostLabel}" design="Bold" class="labelCls"/>
				<Input width="100%" value="{MilePost}" change="onEngMilePostChange" showValueHelp="false" id="changeEngMilePostId" editable="true"></Input>
				<Label text="{i18n>reportsToLabel}" design="Bold" class="labelCls"/>
				<Input width="100%" value="{AssignSupEmp}{= ${AssignSupEmpName} === '' ? ' ' : '-' }{AssignSupEmpName}" valueHelpRequest="onAssSupValueHelp"
					id="changeEngAssSup" showValueHelp="true" editable="false" class="rosterNoDesc valueHelpCls" liveChange="onAssignSupLiveChange"/>
				<Label text="" design="Bold" class="labelCls"/>
				<Input width="100%" value="{ADE}{= ${ADEName} === '' ? ' ' : '-' }{ADEName}" showValueHelp="false" id="changeEngAde" editable="false"/>
				<Label text="" design="Bold" class="labelCls"/>
				<Input width="100%" value="{DE}{= ${DEName} === '' ? ' ' : '-' }{DEName}" showValueHelp="false" id="changeEngDe" editable="false"/>
				<Label text="" design="Bold" class="labelCls"/>
				<Input width="100%" value="{CE}{= ${CEName} === '' ? ' ' : '-' }{CEName}" showValueHelp="false" id="changeEngCe" editable="false"/>
				<!--<Label text="Position Title" design="Bold" class="textColor"/>
				<Input width="100%" value="{PosDesc}" change="onChange" showValueHelp="false" id="changeEngPosTitleId" editable="false"/>-->
				<!--<Label text="Agreement Code" design="Bold" class="textColor"/>-->
				<!--<ComboBox value="{AggCode}" selectedKey="{AggCode}" id="changeEngAggrCode" width="100%" showSecondaryValues="true" editable="true"-->
				<!--	selectionChange="onEngAggrSelectionChange" filterSecondaryValues="true" change="onEngAggrChange"></ComboBox>-->
				<!--<Label text="Prorata Rate" design="Bold" class="textColor"/>
				<Input width="100%" value="{ProRate}" showValueHelp="false" id="changeEngProrataId" editable="false"/>
				<Label text="Description" design="Bold" class="textColor"/>
				<Input width="100%" value="{GangDesc}" showValueHelp="false" id="changeEngGangDesId" editable="false"/>
				<Label text="Classification" design="Bold" class="textColor"/>
				<ComboBox id="changeEngGangClsId" value="{GangClass}" width="100%" showSecondaryValues="true" change="onChange" editable="false"></ComboBox>-->
				<!--Column3-->
				<core:Title text=""></core:Title>
				<!--<Label text="Source Position" design="Bold" class="textColor"/>
				<Input width="100%" value="{SourcePos}" showValueHelp="false" id="changeEngPosSourcePosId" editable="false"/>-->
				<!--<Label text="HOS Status" design="Bold" class="textColor"/>-->
				<!--<ComboBox value="{HosStatusDesc}" selectedKey="{HosStatus}" id="changeEngHosStatus" width="100%" showSecondaryValues="true" editable="true"-->
				<!--	selectionChange="onEngHosStatusSelectionChange" filterSecondaryValues="true" change="onEngHosStatusChange"-->
				<!--	items="{engHosStatusSuggModel>/results}">-->
				<!--	<core:ListItem key="{engHosStatusSuggModel>Hos}" text="{engHosStatusSuggModel>HosStatus}" additionalText="{engHosStatusSuggModel>Hos}"></core:ListItem>-->
				<!--</ComboBox>-->
				<Label text="{i18n>currentBulletinNoLabel}" design="Bold" class="labelCls"/>
				<Input width="100%" value="{BullNo}" showValueHelp="false" id="changeEngBulletinNoId" editable="false"/>
				<Label text="{i18n>workScheduleCodeLabel}" design="Bold" class="labelCls" required="true"/>
				<Input value="{WorkSch}" valueHelpRequest="onWorkSchValueHelp" showValueHelp="true" id="changeEngWorkSch" width="100%" editable="true"
					change="onEngWorkSchChange" class="valueHelpCls"></Input>
				<Label text="{i18n>hoursLabel}" design="Bold" class="labelCls"/>
				<Input width="100%" value="{Shifts}" showValueHelp="false" id="engChngShiftTimings" editable="false"></Input>
				<Label text="{i18n>resrDaysLabel}" design="Bold" class="labelCls"/>
				<Input width="100%" value="{RestDays}" showValueHelp="false" id="engChngResetDays" editable="false"></Input>
				<Label text="{i18n>mealPeriodLabel}" design="Bold" class="labelCls"/>
				<Input width="100%" value="{BreakDuration}" showValueHelp="false" id="engChngBreakPeriods" editable="false"></Input>
				<Label text="{i18n>ruleLable}" design="Bold" class="labelCls"/>
				<Input width="100%" value="{Rule}" showValueHelp="false" id="changeEngRule" editable="true" change="EngRuleChange"/>
				<Label text="{i18n>jpLabel}" design="Bold" class="labelCls"/>
				<Input width="100%" value="{JPId}" showValueHelp="false" id="changeEngJpId" editable="false" change="onChangeEngJpid"/>
				<Label text="{i18n>clonedFromLabel}" design="Bold" class="labelCls"/>
				<Input width="100%" value="{SourcePos}" showValueHelp="false" id="changeEngPosSourcePosId" editable="false"/>
				<Label text="{i18n>nedJobCode}" design="Bold" class="labelCls"/>
				<Input width="100%" value="{NEEDSJobCode}" showValueHelp="false" change="onEngNedsChange" id="changeEngNedsId" editable="false"/>
				<Label text="{i18n>bulletinCommentsLabel}" design="Bold" class="labelCls"/>
				<TextArea rows="3" cols="40" width="100%" value="{BullComm}" id="changeEngBulletinCommId" change="onBulletinChange" editable="true"
					liveChange="onEngBullChan">
					<!--<layoutData>-->
					<!--	<l:GridData span="XL1 L5 M6 S6"/>-->
					<!--</layoutData>-->
				</TextArea>
				<Label text="{i18n>intCommentsLabel}" design="Bold" class="labelCls"/>
				<TextArea rows="3" cols="40" width="100%" change="onINBulletinChange" value="{IntComm}" id="changeEngintCommId" editable="true"/>
				<Label text="{i18n>agreementCodeLabel}" design="Bold" class="labelCls" required="true" visible="false"/>
				<ComboBox value="{AggCode}" selectedKey="{AggCode}" id="changeEngAggrCode" width="100%" showSecondaryValues="true" editable="true"
					selectionChange="onEngAggrSelectionChange" filterSecondaryValues="true" change="onEngAggrChange" visible="false" class="comboCls"></ComboBox>
				<Label text="{i18n>PayrollGrouping}" design="Bold" class="labelCls" visible="true"/>
				<ComboBox visible="true" id="CEnaPayrollGrouping" selectedKey="{Selpaygroup}" width="100%" showSecondaryValues="true"
					change="onEngHeadQuaterChange" enabled="true" class="comboCls" items="{engPaySuggModel>/results}">
					<core:ListItem key="{engPaySuggModel>Value}" text="{engPaySuggModel>Value}" additionalText="{engPaySuggModel>Description}"></core:ListItem>
				</ComboBox>
				<!--<Input width="100%" value="{BullComm}" showValueHelp="false" id="changeEngBulletinCommId" editable="false"/>-->
				<!--<Button id="engBullCommentEditBtn" icon="sap-icon://edit" press="onEngBullCommentEdit" type="Emphasized" class="sapUiTinyMarginBegin"-->
				<!--	width="20%">-->
				<!--	<layoutData>-->
				<!--		<l:GridData span="XL1 L4 M1 S3"/>-->
				<!--	</layoutData>-->
				<!--	</Button>-->
				<Label visible="false"></Label>
				<Button id="engBullCommentEditBtn" icon="sap-icon://edit" press="onEngBullCommentEdit" type="Emphasized" width="20%"
					class="sapUiTinyMarginBegin clsBtnColorYellowGreen" visible="false"/>
				<!--				<VBox>
					<HBox>
						<CheckBox text="SE" id="seCheckBox" select="onSelect" selected="{parts:[{path:'ZoneSE'}], formatter:'.checkBoxFormatter'}" class="checkBox"
							editable="false"/>
						<CheckBox text="NW" id="nwCheckBox" select="onSelect" selected="{parts:[{path:'ZoneNW'}], formatter:'.checkBoxFormatter'}" class="checkBox"
							editable="false"/>
					</HBox>
					<HBox>
						<CheckBox text="NP" id="npCheckBox" select="onSelect" selected="{parts:[{path:'ZoneNP'}], formatter:'.checkBoxFormatter'}" class="checkBox"
							editable="false"/>
						<CheckBox text="SW" id="swCheckBox" select="onSelect" selected="{parts:[{path:'ZoneSW'}], formatter:'.checkBoxFormatter'}" class="checkBox"
							editable="false"/>
					</HBox>
					<HBox>
						<CheckBox text="CR" id="crCheckBox" select="onSelect" selected="{parts:[{path:'ZoneCR'}], formatter:'.checkBoxFormatter'}"
							class="sapMCbLabel" editable="false"/>
						<CheckBox text="WB" id="wbCheckBox" select="onSelect" selected="{parts:[{path:'ZoneWB'}], formatter:'.checkBoxFormatter'}"
							class="sapMCbLabel" editable="false"/>
					</HBox>
				</VBox>-->
				<!--<Label text="Training Indicator" design="Bold" class="textColor"/>
				<CheckBox id="changeEngPosTrainingId" editable="false" selected="{parts:[{path:'TrainingInd'}], formatter:'.checkBoxFormatter'}"></CheckBox>-->
			</f:content>
		</f:SimpleForm>
	</VBox>
</core:FragmentDefinition>