<core:FragmentDefinition xmlns="sap.m" xmlns:l="sap.ui.layout" xmlns:f="sap.ui.layout.form" xmlns:core="sap.ui.core">
	<VBox>
		<Panel class="DatesPanel">
			<f:SimpleForm editable="true" layout="ResponsiveGridLayout" labelSpanXL="4" labelSpanL="4" labelSpanM="4" labelSpanS="1"
				adjustLabelSpan="false" emptySpanXL="2" emptySpanL="2" emptySpanM="2" emptySpanS="0" columnsXL="3" columnsL="3" columnsM="3"
				singleContainerFullSize="false" class="FormTitleHeight">
				<f:content>
					<core:Title text=""></core:Title>
					<Label text="{i18n>EffDateLabel}" design="Bold" class="labelCls" required="true"/>
					<DatePicker width="100%" id="changeMechStartDate" value="{StartDate}" displayFormat="MM/dd/yyyy" placeholder="MM/DD/YYYY"
						valueFormat="yyyyMMdd" change="onMechStDateSelection" editable="false" class="datePickerCls"/>
					<core:Title text=""></core:Title>
					<Label text="{i18n>EndDateLabel}" design="Bold" class="labelCls"/>
					<DatePicker width="100%" value="{EndDate}" id="changeMechEndDate" displayFormat="MM/dd/yyyy" placeholder="MM/DD/YYYY" valueFormat="yyyyMMdd"
						change="onDateSelection" editable="false" class="datePickerCls"/>
					<core:Title text=""></core:Title>
					<Label text="Current Occupant" design="Bold" class="labelCls"/>
					<!--<Text text="{EmpId}-{EmpName}"></Text>-->
					<Text text="{EmpId} {= ${EmpName} === '' ? ' ' : '-' } {EmpName}"></Text>
				</f:content>
			</f:SimpleForm>
		</Panel>
		<f:SimpleForm id="changePositionMechFormId" editable="true" layout="ResponsiveGridLayout" labelSpanXL="5" labelSpanL="5" labelSpanM="5"
			labelSpanS="1" adjustLabelSpan="false" emptySpanXL="1" emptySpanL="1" emptySpanM="1" emptySpanS="0" columnsXL="3" columnsL="3" columnsM="3"
			singleContainerFullSize="false" class="FormTitleHeight">
			<f:content>
				<core:Title text=""></core:Title>
				<Label text="{i18n>posIdLabel}" design="Bold" class="labelCls" visible="false"/>
				<Input visible="false" width="100%" showValueHelp="true" value="{PosId}" editable="false" id="changeMechPosId" class="valueHelpCls"></Input>
				<Label text="{i18n>posTitleLabel}" design="Bold" class="labelCls" visible="false"/>
				<Input width="100%" value="{PosDesc}" showValueHelp="false" id="changeMechPosTitleId" visible="false" change="onMechPosTitleChange"
					editable="false"/>
				<Label text="{i18n>union}" design="Bold" class="labelCls"/>
				<Input width="100%" value="{Union}" showValueHelp="true" id="changeMechUnionCodeId" editable="false" class="valueHelpCls"></Input>
				<Label text="{i18n>jpLabel}" design="Bold" class="labelCls"/>
				<Input width="100%" value="{JPId}" showValueHelp="false" id="changeMechJpId" editable="false" change="onMechJpidChange"/>
				<Label text="{i18n>clonedFromLabel}" design="Bold" class="labelCls"/>
				<Input width="100%" value="{SourcePos}" showValueHelp="false" id="changeMechPosSourcePosId" editable="false"/>
				<!--	<Label text="JP ID" design="Bold" class="textColor"/>
				<Input width="100%" value="{JPId}" showValueHelp="false" id="changeMechJpId" editable="true"/>-->
				<Label text="{i18n>currentBulletinNoLabel}" design="Bold" class="labelCls"/>
				<Input width="100%" value="{BullNo}" showValueHelp="false" id="changeMechBulletinNoId" editable="false"/>
				<!--	<Label text="Effective Date" design="Bold" class="textColor" required="true"/>
				<DatePicker width="100%" id="changeMechStartDate" value="{StartDate}" displayFormat="MM/dd/yyyy" placeholder="MM/DD/YYYY"
					valueFormat="yyyyMMdd" change="onMechStDateSelection" editable="false"/>-->
				<Label text="{i18n>totalRateLabel}" design="Bold" class="labelCls" visible="false"/>
				<Input visible="false" width="100%" value="{TotRate}" showValueHelp="true" id="changeMechTotalRateId" editable="false" class="valueHelpCls"></Input>
				<Label visible="false" text="Prorated Rate" design="Bold" class="labelCls"/>
				<Input visible="false" width="100%" value="{ProRate}" showValueHelp="false" id="changeMechProrataId" editable="false"/>
				<!--<Label text="Craft" design="Bold" class="textColor"/>-->
				<!--<ComboBox value="{Craft}" selectedKey="{Craft}" id="changeMechraftId" width="100%" showSecondaryValues="true" change="onMechCraftChange"
					editable="true" selectionChange="onMechCraftSelectionChange" filterSecondaryValues="true"></ComboBox>-->
				<!--<Label text="HOS Status" design="Bold" class="textColor"/>
				<ComboBox value="{HosStatus}" selectedKey="{HosStatus}" id="changeMechHosStatusId" width="75%" showSecondaryValues="true"
					change="onMechHosStatusChange" editable="true" selectionChange="onMechHosStatusSelectionChange" filterSecondaryValues="true"></ComboBox>-->
				<!--Column2-->
				<Label text="{i18n>craftColumnLabel}" design="Bold" class="labelCls" required="true"/>
				<ComboBox value="{Craft}" selectedKey="{Craft}" id="changeMechraftId" width="100%" showSecondaryValues="true" change="onMechCraftChange"
					editable="true" selectionChange="onMechCraftSelectionChange" filterSecondaryValues="true" items="{mechCraftSuggModel>/results}"
					class="comboCls">
					<core:ListItem key="{mechCraftSuggModel>CraftId}" text="{mechCraftSuggModel>Craft}" additionalText="{mechCraftSuggModel>CraftId}"></core:ListItem>
				</ComboBox>
				<Label text=""/>
				<Text id="changeMechraftIdDesc" text="{CraftDesc}"/>
				<!--<Label text="Prorated Rate" design="Bold" class="textColor"/>
				<Input width="100%" value="{ProRate}" showValueHelp="false" id="changeMechProrataId" editable="false"/>-->
				<Label text="{i18n>territoryColumnLabel}" design="Bold" class="labelCls" required="true"/>
				<ComboBox value="{Territory}" selectedKey="{Territory}" id="changeMechTerriId" width="100%" showSecondaryValues="true" editable="true"
					selectionChange="onMechTerritorySelectionChange1" class="comboCls" filterSecondaryValues="true" enabled="true"
					change="onMechTerritoryChange"></ComboBox>
				<Label text=""/>
				<Text id="changeMechTerriIdDesc" text="{Territory}"/>
				<Label text="{i18n>posTypeLabel}" design="Bold" class="labelCls" required="true"/>
				<ComboBox value="{PosTypeDesc}" selectedKey="{PosType}" id="changeMechPosTypeId" width="100%" showSecondaryValues="true" change="onChange"
					editable="true" selectionChange="onMechPosTypeSelectionChange" class="comboCls" filterSecondaryValues="true"
					items="{mechPosTypeSuggModel>/results}">
					<core:ListItem key="{mechPosTypeSuggModel>PosValue}" text="{mechPosTypeSuggModel>PosType}" additionalText="{mechPosTypeSuggModel>PosValue}"></core:ListItem>
				</ComboBox>
				<Label text="{i18n>reportsToLabel}" design="Bold" class="labelCls"/>
				<Input width="100%" value="{AssignSupEmp} {= ${AssignSupEmpName} === '' ? ' ' : '-' } {AssignSupEmpName}"
					valueHelpRequest="onAssSupValueHelp" id="changeMechAssSup" showValueHelp="true" editable="false" class="rosterNoDesc valueHelpCls"
					liveChange="onAssignSupLiveChange"/>
				<Label text="" design="Bold" class="labelCls"/>
				<Input width="100%" value="{ADE} {= ${ADEName} === '' ? ' ' : '-' } {ADEName}" showValueHelp="false" id="changeMechAde" editable="false"/>
				<Label text="" design="Bold" class="labelCls"/>
				<Input width="100%" value="{DE} {= ${DEName} === '' ? ' ' : '-' } {DEName}" showValueHelp="false" id="changeMechDe" editable="false"/>
				<Label text="" design="Bold" class="labelCls"/>
				<Input width="100%" value="{CE} {= ${CEName} === '' ? ' ' : '-' } {CEName}" showValueHelp="false" id="changeMechCe" editable="false"/>
				<core:Title text=""></core:Title>
				<!--<Label text="Position Title" design="Bold" class="textColor"/>
				<Input width="100%" value="{PosDesc}" showValueHelp="false" id="changeMechPosTitleId" change="onMechPosTitleChange" editable="false"/>-->
				<!--<Label text="Agreement Code" design="Bold" class="textColor"/>-->
				<!--<ComboBox value="{AggCode}" selectedKey="{AggCode}" id="changeMechAgreementId" width="100%" showSecondaryValues="true"-->
				<!--	change="onMechAggrChange" editable="true" selectionChange="onMechAggrSelectionChange" filterSecondaryValues="true"></ComboBox>-->
				<Label text="{i18n>workScheduleCodeLabel}" design="Bold" class="labelCls" required="true"/>
				<!--<ComboBox value="{WorkSch}" selectedKey="{WorkSch}" id="changeMechWorkSchId" width="100%" showSecondaryValues="true"-->
				<!--	change="onMechWorkSchChange" editable="true" selectionChange="onMechWorkSchSelectionChange" filterSecondaryValues="true" items="{mechWrkSchSuggModel>/results}">-->
				<!--<core:ListItem key="{mechWrkSchSuggModel>schkz}" text="{mechWrkSchSuggModel>work_sch}" additionalText="{mechWrkSchSuggModel>schkz}"></core:ListItem>	-->
				<!--</ComboBox>-->
				<Input value="{WorkSch}" valueHelpRequest="onWorkSchValueHelp" showValueHelp="true" id="changeMechWorkSchId" width="100%" editable="true"
					change="onMechWorkSchChange" class="valueHelpCls"></Input>
				<Label text="{i18n>hoursLabel}" design="Bold" class="labelCls"/>
				<Input width="100%" value="{Shifts}" showValueHelp="false" id="mechChangeShiftTimings" editable="false"></Input>
				<Label text="{i18n>resrDaysLabel}" design="Bold" class="labelCls"/>
				<Input width="100%" value="{RestDays}" showValueHelp="false" id="mechChangeResetDays" editable="false"></Input>
				<Label text="{i18n>mealPeriodLabel}" design="Bold" class="labelCls"/>
				<Input width="100%" value="{BreakDuration}" showValueHelp="false" id="mechChangeBreakPeriods" editable="false"></Input>
				<Label text="{i18n>mondayLabel}" design="Bold" class="labelCls"/>
				<ComboBox width="100%" value="{Monday}" id="mechChangMondayDays" class="comboCls" change="onMechWeekChangeChange"
					items="{mechAreaData>/results}">
					<core:ListItem key="{mechAreaData>Area}" text="{mechAreaData>Area}"></core:ListItem>
				</ComboBox>
				<Label text="{i18n>tuesdayLabel}" design="Bold" class="labelCls"/>
				<ComboBox width="100%" value="{Tuesday}" change="onMechWeekChangeChange" class="comboCls" id="mechChangTuesdayDays"
					items="{mechAreaData>/results}">
					<core:ListItem key="{mechAreaData>Area}" text="{mechAreaData>Area}"></core:ListItem>
				</ComboBox>
				<Label text="{i18n>wednesdayLabel}" design="Bold" class="labelCls"/>
				<ComboBox width="100%" value="{Wednesday}" class="comboCls" change="onMechWeekChangeChange" id="mechChangWednesdayDays"
					items="{mechAreaData>/results}">
					<core:ListItem key="{mechAreaData>Area}" text="{mechAreaData>Area}"></core:ListItem>
				</ComboBox>
				<Label text="{i18n>thursdayLabel}" design="Bold" class="labelCls"/>
				<ComboBox width="100%" value="{Thursday}" class="comboCls" id="mechChangThursdayDays" change="onMechWeekChangeChange"
					items="{mechAreaData>/results}">
					<core:ListItem key="{mechAreaData>Area}" text="{mechAreaData>Area}"></core:ListItem>
				</ComboBox>
				<Label text="{i18n>fridayLabel}" design="Bold" class="labelCls"/>
				<ComboBox width="100%" value="{Friday}" class="comboCls" change="onMechWeekChangeChange" id="mechChangFridayDays"
					items="{mechAreaData>/results}">
					<core:ListItem key="{mechAreaData>Area}" text="{mechAreaData>Area}"></core:ListItem>
				</ComboBox>
				<Label text="{i18n>saturdayLabel}" design="Bold" class="labelCls"/>
				<ComboBox width="100%" value="{Saturday}" class="comboCls" id="mechChangSaturdayDays" change="onMechWeekChangeChange"
					items="{mechAreaData>/results}">
					<core:ListItem key="{mechAreaData>Area}" text="{mechAreaData>Area}"></core:ListItem>
				</ComboBox>
				<Label text="{i18n>sundayLabel}" design="Bold" class="labelCls"/>
				<ComboBox width="100%" value="{Sunday}" class="comboCls" change="onMechWeekChangeChange" id="mechChangSundayDays"
					items="{mechAreaData>/results}">
					<core:ListItem key="{mechAreaData>Area}" text="{mechAreaData>Area}"></core:ListItem>
				</ComboBox>
				<Label text="{i18n>skillDifferentialLabel}" design="Bold" class="labelCls"/>
				<!--<CheckBox id="payskillDiffId" editable="false" selected="{parts:[{path:'SkillDiff'}], formatter:'.checkBoxFormatter'}" width="100%"-->
				<!--	select="onPaySkillDiffSelect"></CheckBox>-->
				<ComboBox value="{SkillDiffDesc}" selectedKey="{SkillDiff}" id="mechpayskillDiffEditId" width="100%" showSecondaryValues="true"
					selectionChange="onSkillDiffChangeMech" filterSecondaryValues="true" items="{SkillDiffSuggModel>/results}" class="comboCls">
					<core:ListItem key="{SkillDiffSuggModel>SkillDiffKey}" text="{SkillDiffSuggModel>SkillDiffValue}"
						additionalText="{SkillDiffSuggModel>SkillDiffKey}"></core:ListItem>
				</ComboBox>
				<Label text="{i18n>agreementCodeLabel}" design="Bold" class="labelCls" required="true" visible="false"/>
				<ComboBox visible="false" value="{AggCode}" class="comboCls" selectedKey="{AggCode}" id="changeMechAgreementId" width="100%"
					showSecondaryValues="true" change="onMechWeekChangeChange" editable="true" selectionChange="onMechAggrSelectionChange"
					filterSecondaryValues="true"></ComboBox>
				<!--<Label text="No Bid" design="Bold" class="textColor"/>
				<CheckBox id="changeMechNoBidId" editable="false" selected="{parts:[{path:'NoBid'}], formatter:'.checkBoxFormatter'}"></CheckBox>-->
				<!--<Label text="Training Indicator" design="Bold" class="textColor"/>
				<CheckBox id="changeMechPosTrainingId" editable="false" selected="{parts:[{path:'TrainingInd'}], formatter:'.checkBoxFormatter'}"></CheckBox>-->
				<!--Column3-->
				<core:Title text=""></core:Title>
				<Label text="{i18n>rosterLabel}" design="Bold" class="labelCls" required="true"/>
				<!--<Input width="100%" showValueHelp="true" change="onChange" value="{RosterNo}" id="rosterId" editable="true"></Input>-->
				<!--<Input width="100%" showSuggestion="true" showValueHelp="true"	valueHelpRequest="rosterNoSelect" change="onMechRosterChange" value="{RosterNo}" id="changeMechRosterId" editable="true"></Input>-->
				<Input width="100%" value="{RosterNo}" id="changeMechRosterId" change="onMechRosterChange" showValueHelp="true" enabled="true"
					valueHelpRequest="onRosterNumberValueHelp" submit="onRosterNumberValueHelp" class="rosterNoDesc valueHelpCls"></Input>
				<Label text=""></Label>
				<Text text="{RostDesc}" id="chngMechRostDesc"></Text>
				<Label text="{i18n>priorRightsRosterLabel}" design="Bold" class="labelCls"/>
				<!--<Input id="changeEngRosterNumId" value="{RosterNo}" width="100%" change="onEngRosterNoChange" showValueHelp="true" showSuggestion="true" editable="true"></Input>-->
				<Input width="100%" value="{PriorRightsRosterNo}" id="changeMechPRosterNumId" change="onEngRosterNoChange" showValueHelp="true"
					enabled="true" valueHelpRequest="onPRosterNumberValueHelp" submit="onPRosterNumberValueHelp" class="rosterNoDesc valueHelpCls"></Input>
				<Label text=""></Label>
				<Text text="{PriorRightsRostDesc}" id="chngMechPRRostDesc"></Text>
				<Label text="{i18n>priorRightsDateLabel}" design="Bold" class="labelCls"/>
				<DatePicker width="100%" id="changeMechPrDate" value="{PriorRightsDate}" displayFormat="MM/dd/yyyy" placeholder="MM/DD/YYYY"
					change="onDateSelection" valueFormat="yyyyMMdd" editable="true" class="datePickerCls"/>
				<!--<Label text="HOS Status" design="Bold" class="textColor"/>-->
				<!--<ComboBox value="{HosStatusDesc}" selectedKey="{HosStatus}" id="changeMechHosStatusId" width="100%" showSecondaryValues="true"-->
				<!--	change="onMechHosStatusChange" editable="true" selectionChange="onMechHosStatusSelectionChange" filterSecondaryValues="true"-->
				<!--	items="{mechHosStatusSuggModel>/results}">-->
				<!--	<core:ListItem key="{mechHosStatusSuggModel>Hos}" text="{mechHosStatusSuggModel>HosStatus}" additionalText="{mechHosStatusSuggModel>Hos}"></core:ListItem>-->
				<!--</ComboBox>-->
				<Label text="{i18n>bulletinCommentsLabel}" design="Bold" class="labelCls"/>
				<TextArea rows="3" cols="40" width="100%" value="{BullComm}" change="onBulletinChange" id="changeMechBulletinCommId" editable="true"
					liveChange="onMechBullCommentsChange"/>
				<!--<Input width="100%" value="{BullComm}" showValueHelp="false" id="changeMechBulletinCommId" editable="false"/>-->
				<Label text="{i18n>intCommentsLabel}" design="Bold" class="labelCls"/>
				<TextArea rows="3" cols="40" liveChange="onMechBullCommentsChange" width="100%" value="{IntComm}" id="changeMechintCommId" editable="true"/>
				<Label visible="false"></Label>
				<Button visible="false" id="mechBullCommentEditBtn" icon="sap-icon://edit" press="onMechBullCommentEdit" type="Emphasized"
					class="sapUiTinyMarginBegin clsBtnColorYellowGreen" width="20%"/>
				<Label visible="false" text="No Bid" design="Bold" class="labelCls"/>
				<CheckBox visible="false" id="changeMechNoBidId" editable="false" selected="{parts:[{path:'NoBid'}], formatter:'.checkBoxFormatter'}"
					class="checkBoxCls"></CheckBox>
				<Label text="{i18n>PayrollGrouping}" design="Bold" class="labelCls" visible="true"/>
				<!--<ComboBox visible="true" id="CMecPayrollGrouping" selectedKey="{PayGroup}" width="100%" showSecondaryValues="true" change="onComboSelection"-->
				<!--	enabled="true" class="comboCls"></ComboBox>-->
				<ComboBox visible="true" id="CMecPayrollGrouping" width="100%" selectedKey="{Selpaygroup}" showSecondaryValues="true"
					change="onMechWeekChangeChange" enabled="true" class="comboCls" items="{mecPaySuggModel>/results}">
					<core:ListItem key="{mecPaySuggModel>Value}" text="{mecPaySuggModel>Value}" additionalText="{mecPaySuggModel>Description}"></core:ListItem>
				</ComboBox>
				<Label text="{i18n>obsoleteLabel}" design="Bold" class="labelCls"/>
				<CheckBox id="MechObsolete" editable="false" selected="{parts:[{path:'ObsFlag'}], formatter:'.checkBoxFormatter'}" class="checkBoxCls"></CheckBox>
			</f:content>
		</f:SimpleForm>
	</VBox>
</core:FragmentDefinition>