<core:FragmentDefinition xmlns="sap.m" xmlns:l="sap.ui.layout" xmlns:f="sap.ui.layout.form" xmlns:core="sap.ui.core">
	<VBox>
		<Panel class="DatesPanel">
			<f:SimpleForm editable="true" layout="ResponsiveGridLayout" labelSpanXL="4" labelSpanL="4" labelSpanM="4" labelSpanS="1"
				adjustLabelSpan="false" emptySpanXL="2" emptySpanL="2" emptySpanM="2" emptySpanS="0" columnsXL="3" columnsL="3" columnsM="3"
				singleContainerFullSize="false" class="FormTitleHeight">
				<f:content>
					<core:Title text=""></core:Title>
					<Label text="{i18n>EffDateLabel}" design="Bold" class="labelCls" required="true"/>
					<DatePicker width="100%" id="tcuChangeStartDate" value="{StartDate}" displayFormat="MM/dd/yyyy" placeholder="MM/DD/YYYY"
						valueFormat="yyyyMMdd" change="onTcuStDateSelection" enabled="false" class="datePickerCls"/>
					<core:Title text=""></core:Title>
					<Label text="{i18n>EndDateLabel}" design="Bold" class="labelCls"/>
					<DatePicker width="100%" value="{EndDate}" id="tcuChangeEndDate" displayFormat="MM/dd/yyyy" placeholder="MM/DD/YYYY" valueFormat="yyyyMMdd"
						change="onDateSelection" enabled="false" class="datePickerCls"/>
					<core:Title text=""></core:Title>
					<Label text="Current Occupant" design="Bold" class="labelCls"/>
					<!--<Text text="{EmpId}-{EmpName}"></Text>-->
					<Text text="{EmpId} {= ${EmpName} === '' ? ' ' : '-' } {EmpName}"></Text>
				</f:content>
			</f:SimpleForm>
		</Panel>
		<f:SimpleForm id="PositionTCUChangeFormId" editable="true" layout="ResponsiveGridLayout" labelSpanXL="4" labelSpanL="4" labelSpanM="4"
			labelSpanS="1" adjustLabelSpan="false" emptySpanXL="2" emptySpanL="2" emptySpanM="2" emptySpanS="0" columnsXL="3" columnsL="3" columnsM="3"
			singleContainerFullSize="false" class="FormTitleHeight">
			<f:content>
				<core:Title text=""></core:Title>
				<Label visible="false" text="{i18n>posIdLabel}" design="Bold" class="labelCls"/>
				<Input visible="false" width="100%" showValueHelp="true" value="{PosId}" enabled="false" id="tcuChangePosId" class="valueHelpCls"></Input>
				<Label text="{i18n>posTitleLabel}" design="Bold" class="labelCls" visible="false"/>
				<Input visible="false" width="100%" value="{PosDesc}" showValueHelp="false" id="tcuChangePosTitleId" change="onChange" enabled="false"/>
				<Label text="{i18n>union}" design="Bold" class="labelCls"/>
				<Input width="100%" value="{Union}" showValueHelp="true" id="tcuChangeUnionCodeId" enabled="false" class="valueHelpCls"></Input>
				<Label text="{i18n>jpLabel}" design="Bold" class="labelCls"/>
				<Input width="100%" value="{JPId}" showValueHelp="false" id="tcuChangeJpId" enabled="false" change="onTcuJpIdChange"/>
				<Label text="{i18n>clonedFromLabel}" design="Bold" class="labelCls"/>
				<Input width="100%" value="{SourcePos}" showValueHelp="false" id="tcuChangePosSourcePosId" enabled="false"/>
				<Label text="{i18n>currentBulletinNoLabel}" design="Bold" class="labelCls" visible="false"/>
				<Input visible="false" width="100%" value="{BullNo}" showValueHelp="false" id="tcuChangeBulletinNoId" enabled="false"/>
				<Label text="{i18n>totalRateLabel}" design="Bold" class="labelCls" visible="false"/>
				<Input visible="false" width="100%" value="{TotRate}" showValueHelp="true" id="tcuChangeTotalRateId" enabled="false" class="valueHelpCls"></Input>
				<Label visible="false" text="{i18n>proratedRate}" design="Bold" class="labelCls"/>
				<Input visible="false" width="100%" value="{ProRate}" showValueHelp="false" id="tcuChangeProrataId" enabled="false"/>
				<Label text="{i18n>rosterLabel}" design="Bold" class="labelCls" required="true"/>
				<Input width="200%" value="{RosterNo}" id="tcuChangeRosterId" change="onTcuRosterNoChange" showValueHelp="true" enabled="true"
					valueHelpRequest="onRosterNumberValueHelp" submit="onRosterNumberValueHelp" liveChange="onTCUATDARosterClear"
					class="rosterNoDesc valueHelpCls" description="{RosterNo}"></Input>
				<Label text=""></Label>
				<Text text="{RostDesc}" id="chngTcuRosterDesc"></Text>
				<Label text="{i18n>positionTypeLabel}" design="Bold" class="labelCls" required="true"/>
				<ComboBox value="{PosTypeDesc}" selectedKey="{PosType}" id="tcuChangePosTypeId" width="100%" showSecondaryValues="true"
					change="onPosTypeChange" enabled="true" selectionChange="onPosTypeSelectionChange" filterSecondaryValues="true"
					items="{tcuPosTypeSuggModel>/results}" class="comboCls">
					<core:ListItem key="{tcuPosTypeSuggModel>PosValue}" text="{tcuPosTypeSuggModel>PosType}" additionalText="{tcuPosTypeSuggModel>PosValue}"></core:ListItem>
				</ComboBox>
				<Label text="{i18n>reportsToLabel}" design="Bold" class="labelCls"/>
				<Input width="100%" value="{AssignSupEmp}{= ${AssignSupEmpName} === '' ? ' ' : '-' }{AssignSupEmpName}" valueHelpRequest="onAssSupValueHelp"
					id="changeTcuAssSup" showValueHelp="true" editable="false" class="rosterNoDesc valueHelpCls" liveChange="onAssignSupLiveChange"/>
				<Label text="" design="Bold" class="labelCls"/>
				<Input width="100%" value="{ADE}{= ${ADEName} === '' ? ' ' : '-' }{ADEName}" showValueHelp="false" id="changeTcuAde" editable="false"/>
				<Label text="" design="Bold" class="labelCls"/>
				<Input width="100%" value="{DE}{= ${DEName} === '' ? ' ' : '-' }{DEName}" showValueHelp="false" id="changeTcuDe" editable="false"/>
				<Label text="" design="Bold" class="labelCls"/>
				<Input width="100%" value="{CE}{= ${CEName} === '' ? ' ' : '-' }{CEName}" showValueHelp="false" id="changeTcuCe" editable="false"/>
				<!--Column2-->
				<core:Title text=""></core:Title>
				<Label text="{i18n>priorRightsRosterLabel}" design="Bold" class="labelCls" visible="false"/>
				<!--<Input id="changeEngRosterNumId" value="{RosterNo}" width="100%" change="onEngRosterNoChange" showValueHelp="true" showSuggestion="true" editable="true"></Input>-->
				<Input width="100%" visible="false" value="{PriorRightsRosterNo}" id="changetcuPRosterNumId" change="onEngRosterNoChange"
					showValueHelp="true" enabled="true" submit="onPRosterNumberValueHelp" valueHelpRequest="onPRosterNumberValueHelp"
					class="rosterNoDesc valueHelpCls" description="{PriorRightsRosterNo}"></Input>
				<Label text="{i18n>priorRightsDateLabel}" design="Bold" class="labelCls" visible="false"/>
				<DatePicker width="100%" visible="false" id="changetcuPrDate" value="{PriorRightsDate}" displayFormat="MM/dd/yyyy" placeholder="MM/DD/YYYY"
					change="onDateSelection" valueFormat="yyyyMMdd" editable="true" class="datePickerCls"/>
				<Label text="{i18n>workScheduleCodeLabel}" design="Bold" class="labelCls" required="true"/>
				<VBox>
					<Input value="{WorkSch}" id="tcuChangeWorkSchId" editable="{= ${PosType} !== '3'}" width="100%" showValueHelp="true"
						valueHelpRequest="onWorkSchValueHelp" change="onTcuWrkSchChange" class="valueHelpCls"></Input>
					<Text text="{i18n>extraBoard/Relief}" id="tcnote" visible="{= ${WorkSch} === 'FLEXIBLE'}"></Text>
				</VBox>
				<Label text="{i18n>hoursLabel}" design="Bold" class="labelCls"/>
				<Input width="100%" value="{ShiftStatTime}-{ShiftEndTime}" showValueHelp="false" id="tcuChangeShiftTimings" editable="false"></Input>
				<Label text="{i18n>resrDaysLabel}" design="Bold" class="labelCls"/>
				<Input width="100%" value="{RestDays}" showValueHelp="false" id="tcuChangeResetDays" editable="false"></Input>
				<Label text="{i18n>mealPeriodLabel}" design="Bold" class="labelCls"/>
				<Input width="100%" value="{BreakDuration}" showValueHelp="false" id="tcuChangeBreakPeriods" editable="false"></Input>
				<Label text="{i18n>deptColumnLabel}" design="Bold" class="labelCls" required="{= ${FlagDeptMandt} === 'X'}"/>
				<ComboBox value="{Department}" selectedKey="{DepartmentCode}" enabled="{= ${FlagDeptMandt} === 'X'}" id="tcuChangeDepartmentId" width="100%"
					showSecondaryValues="true" filterSecondaryValues="true" items="{TCUDepartmentSuggDropdown>/results}" change="onChangeTcuDepart"
					class="comboCls">
					<core:ListItem key="{TCUDepartmentSuggDropdown>DeptKey}" text="{TCUDepartmentSuggDropdown>DeptValue}"></core:ListItem>
				</ComboBox>
				<Label text="Desk" design="Bold" id="deskLableChangeId" class="labelCls" visible="false"/>
				<ComboBox value="{DeskNum}" items="{DeskNumberJSModel>/results}" placeholder="Select Desk Number" id="deskNumChangeId" width="100%"
					showSecondaryValues="true" change="onDeskChange" class="comboCls" selectionChange="onDeskChange" enabled="true" filterSecondaryValues="true"
					visible="false">
					<core:ListItem key="{DeskNumberJSModel>Desk_Num}" text="{DeskNumberJSModel>Desk_Num_Desc}" additionalText="{DeskNumberJSModel>Desk_Num}"></core:ListItem>
				</ComboBox>
				<!--<Input width="100%" value="{Department}" showValueHelp="false" id="tcuChangeDepartmentId" enabled="false"></Input>-->
				<Label text="{i18n>agreementCodeLabel}" design="Bold" class="labelCls" required="true" visible="false"/>
				<ComboBox visible="false" id="tcuChangeAgreementId" value="{AggCode}" width="100%" showSecondaryValues="true" change="onTcuAggrSChange"
					selectionChange="onTcuAggrSelectionChange" filterSecondaryValues="true" class="comboCls"></ComboBox>
				<Label text="{i18n>PayrollGrouping}" design="Bold" class="labelCls" visible="true"/>
				<!--<ComboBox visible="true" id="CTcuPayrollGrouping" selectedKey="{PayGroup}" width="100%" showSecondaryValues="true" change="onComboSelection"-->
				<!--	enabled="true" class="comboCls"></ComboBox>-->
				<ComboBox visible="true" id="CTcuPayrollGrouping" selectedKey="{Selpaygroup}" width="100%" showSecondaryValues="true"
					change="onTcuPaySelectionChange" enabled="true" class="comboCls" items="{tcuPaySuggModel>/results}">
					<core:ListItem key="{tcuPaySuggModel>Value}" text="{tcuPaySuggModel>Value}" additionalText="{tcuPaySuggModel>Description}"></core:ListItem>
				</ComboBox>
				<!--Column3-->
				<core:Title text=""></core:Title>
				<Label text="{i18n>pad/fenceLabel}" design="Bold" class="labelCls" required="true"/>
				<ComboBox id="tcuChangePadfenceId" value="{PadFenceDesc}" selectedKey="{PadFence}" width="100%" showSecondaryValues="true"
					change="onTcuPadFenceChange" selectionChange="onTcuPadFenceSelectionChange" filterSecondaryValues="true"
					items="{tcuPadFenceSuggModel>/results}" class="comboCls">
					<core:ListItem key="{tcuPadFenceSuggModel>Pfcode}" text="{tcuPadFenceSuggModel>PF}" additionalText="{tcuPadFenceSuggModel>Pfcode}"></core:ListItem>
				</ComboBox>
				<Label text="{i18n>bulletinCommentsLabel}" design="Bold" class="labelCls"/>
				<TextArea rows="3" cols="40" width="100%" value="{BullComm}" id="tcuChangeBulletinCommId" change="onBulletinChange" enabled="true"
					liveChange="onTcuBull"/>
				<Label text="{i18n>intCommentsLabel}" design="Bold" class="labelCls"/>
				<TextArea rows="3" cols="40" width="100%" value="{IntComm}" id="tcuChangeintCommId" editable="true"/>
				<Label visible="false"></Label>
				<Button visible="false" id="tcuBullCommentEditBtn" icon="sap-icon://edit" press="onTcuBullCommentEdit" type="Emphasized"
					class="sapUiTinyMarginBegin clsBtnColorYellowGreen" width="20%"/>
				<Label text="{i18n>noBidLabel}" design="Bold" class="labelCls"/>
				<CheckBox id="tcuChangeNoBidId" enabled="false" selected="{parts:[{path:'NoBid'}], formatter:'.checkBoxFormatter'}" class="checkBoxCls"></CheckBox>
				<Label text="{i18n>obsoleteLabel}" design="Bold" class="labelCls"/>
				<CheckBox id="TcuObsolete" editable="false" selected="{parts:[{path:'ObsFlag'}], formatter:'.checkBoxFormatter'}" class="checkBoxCls"></CheckBox>
				<!--<Label text="Training Indicator" design="Bold" class="textColor"/>
				<CheckBox id="tcuChangePosTrainingId" enabled="false" selected="{parts:[{path:'TrainingInd'}], formatter:'.checkBoxFormatter'}"></CheckBox>-->
				<Text id="cdepFlag" text="{FlagDeptMandt}" visible="false"></Text>
			</f:content>
		</f:SimpleForm>
	</VBox>
</core:FragmentDefinition>