<core:FragmentDefinition xmlns="sap.m" xmlns:core="sap.ui.core">
	<Dialog id="conIhbNahrPosIdDialogue" title="{i18n>positionIdLabel}" class="sapUiSizeCompact dialog">
		<IconTabBar id="idConIhbNahrPosIconTabBar" 
			class="clsITBarCls">
			<items>
				<IconTabFilter text="{i18n>posIdTabText}" key="{i18n>posIdTabText}">
					<Toolbar class="toolBarCls">
						<SearchField width="100%" class="sapUiSmallMargin searchFieldCls" liveChange="onConIhbNahrPosIdOrTitleSearch"
							id="dialoguConIhbNahrPosIdOrTitleSearch" placeholder="{i18n>posIdPlaceHolder}" search="onConIhbNahrPosSearch"/>
					</Toolbar>
					<Table id="conIhbNahrPosIdOrTitleTabTable" items="{path: 'conIhbNahrPosIdTitleModelData>/results'}" includeItemInSelection="true"
						class="tableCls" visible="false" growing="true" growingThreshold="20" growingScrollToLoad="true">
						<columns>
							<Column>
								<Label text="{i18n>posIdColumnLabel}" design="Bold" wrapping="true"/>
							</Column>
							<Column>
								<Label text="{i18n>descColumnLabel}" design="Bold" wrapping="true"/>
							</Column>
							<Column>
								<Label text="{i18n>unionColumnLabel}" design="Bold" wrapping="true"/>
							</Column>
							<Column>
								<!--<VBox>-->
								<!--	<Label text="{i18n>currColumnLabel}" design="Bold"/>-->
									<Label text="{i18n>OccuColumnLabel}" design="Bold" wrapping="true"/>
								<!--</VBox>-->
							</Column>
						</columns>
						<items>
							<ColumnListItem press="onConIhbNahrPosIdOrTitleSubmit" type="Active">
								<cells>
									<Text text="{conIhbNahrPosIdTitleModelData>PositionId}" class="tableItemsTxtColor"/>
									<Text text="{conIhbNahrPosIdTitleModelData>PositionDesc}" class="tableItemsTxtColor"/>
									<Text text="{conIhbNahrPosIdTitleModelData>Union}" class="tableItemsTxtColor"/>
									<Text text="{conIhbNahrPosIdTitleModelData>CurntOcupnt}" class="tableItemsTxtColor"/>
								</cells>
							</ColumnListItem>
						</items>
					</Table>
				</IconTabFilter>
				<IconTabFilter text="{i18n>unionTabText}" key="{i18n>unionTabText}">
					<Toolbar class="toolBarCls">
						<ComboBox showSecondaryValues="true" items="{path:'conIhbNahrUnionDropDownModelData>/results'}" id="conIhbNahrUnionDropDown"
							loadItems="onUnionDropDown1" selectionChange="onConIhbNahrUnionSelectionChange" width="60%" placeholder="{i18n>selUnion}" class="comboCls">
							<core:ListItem key="{conIhbNahrUnionDropDownModelData>Description}" text="{conIhbNahrUnionDropDownModelData>Value}"
								additionalText="{conIhbNahrUnionDropDownModelData>Description}"/>
						</ComboBox>
					</Toolbar>
					<Table id="conIhbNahrPosUnionTabTable" items="{path: 'conIhbNahrPosUnionModelData>/results'}" includeItemInSelection="true"
						class="tableCls" visible="false" growing="true" growingThreshold="20" growingScrollToLoad="true">
						<columns>
							<Column>
								<Label text="{i18n>posIdColumnLabel}" design="Bold" wrapping="true"/>
							</Column>
							<Column>
								<Label text="{i18n>descColumnLabel}" design="Bold" wrapping="true"/>
							</Column>
							<Column>
								<Label text="{i18n>unionColumnLabel}" design="Bold" wrapping="true"/>
							</Column>
							<Column>
								<!--<VBox>-->
								<!--	<Label text="{i18n>currColumnLabel}" design="Bold"/>-->
									<Label text="{i18n>OccuColumnLabel}" design="Bold" wrapping="true"/>
								<!--</VBox>-->
							</Column>
						</columns>
						<items>
							<ColumnListItem press="onConIhbNahrPosIdOrTitleSubmit" type="Active">
								<cells>
									<Text text="{conIhbNahrPosUnionModelData>PositionId}" class="tableItemsTxtColor"/>
									<Text text="{conIhbNahrPosUnionModelData>PositionDesc}" class="tableItemsTxtColor"/>
									<Text text="{conIhbNahrPosUnionModelData>Union}" class="tableItemsTxtColor"/>
									<Text text="{conIhbNahrPosUnionModelData>CurntOcupnt}" class="tableItemsTxtColor"/>
								</cells>
							</ColumnListItem>
						</items>
					</Table>
				</IconTabFilter>
					<IconTabFilter text="{i18n>currOccuPantTabText}" key="{i18n>currOccuPantTabText}">
					<Toolbar class="toolBarCls">
						<SearchField width="100%" class="sapUiSmallMargin searchFieldCls" liveChange="onConIhbNahrPosIdOrTitleSearch"
							id="dialoguConIhbNahrEmpSearch" placeholder="{i18n>empSrchPlaceHolder}" search="onConIhbNahrPosSearch"/>
					</Toolbar>
					<Table id="conIhbNahrEmpTabTable" items="{path: 'conIhbNahrEmpModelData>/results'}" includeItemInSelection="true"
						class="tableCls" visible="false" growing="true" growingThreshold="20" growingScrollToLoad="true">
						<columns>
							<Column>
								<Label text="{i18n>posIdColumnLabel}" design="Bold" wrapping="true"/>
							</Column>
							<Column>
								<Label text="{i18n>descColumnLabel}" design="Bold" wrapping="true"/>
							</Column>
							<Column>
								<Label text="{i18n>unionColumnLabel}" design="Bold" wrapping="true"/>
							</Column>
							<Column>
								<!--<VBox>-->
								<!--	<Label text="{i18n>currColumnLabel}" design="Bold"/>-->
									<Label text="{i18n>OccuColumnLabel}" design="Bold" wrapping="true"/>
								<!--</VBox>-->
							</Column>
						</columns>
						<items>
							<ColumnListItem press="onConIhbNahrPosIdOrTitleSubmit" type="Active">
								<cells>
									<Text text="{conIhbNahrEmpModelData>PositionId}" class="tableItemsTxtColor"/>
									<Text text="{conIhbNahrEmpModelData>PositionDesc}" class="tableItemsTxtColor"/>
									<Text text="{conIhbNahrEmpModelData>Union}" class="tableItemsTxtColor"/>
									<Text text="{conIhbNahrEmpModelData>CurntOcupnt}" class="tableItemsTxtColor"/>
								</cells>
							</ColumnListItem>
						</items>
					</Table>
				</IconTabFilter>
			</items>
		</IconTabBar>
		<endButton>
			<Button text="{i18n>cancel}" press="onConIhbNahrPosDialogCancel" class="clsBtnColorYellowRed"/>
		</endButton>
	</Dialog>
</core:FragmentDefinition>