<core:FragmentDefinition xmlns="sap.m" xmlns:l="sap.ui.layout" xmlns:f="sap.ui.layout.form" xmlns:core="sap.ui.core">
	<VBox>
		<Panel class="DatesPanel">
			<f:SimpleForm id="edatesForm" editable="true" layout="ResponsiveGridLayout" labelSpanXL="4" labelSpanL="4" labelSpanM="4" labelSpanS="1"
				adjustLabelSpan="false" emptySpanXL="2" emptySpanL="2" emptySpanM="2" emptySpanS="0" columnsXL="3" columnsL="3" columnsM="3"
				singleContainerFullSize="false" class="FormTitleHeight">
				<f:content>
					<core:Title text=""></core:Title>
					<Label text="{i18n>effectiveDateLabel}" design="Bold" class="labelCls"/>
					<DatePicker width="100%" id="dispEngStartDate" value="{StartDate}" displayFormat="MM/dd/yyyy" placeholder="MM/DD/YYYY"
						valueFormat="yyyyMMdd" change="onDateSelection" editable="false" class="datePickerCls"/>
					<core:Title text=""></core:Title>
					<Label text="{i18n>endDateLabel}" design="Bold" class="labelCls"/>
					<DatePicker width="100%" id="dispEngEndDate" value="{EndDate}" displayFormat="MM/dd/yyyy" placeholder="MM/DD/YYYY" valueFormat="yyyyMMdd"
						change="onDateSelection" editable="false" class="datePickerCls"/>
					<core:Title text=""></core:Title>
					<Label text="Current Occupant" design="Bold" class="labelCls"/>
					<!--<Text text="{EmpId}-{EmpName}"></Text>-->
					<Text text="{EmpId} {= ${EmpName} === '' ? ' ' : '-' } {EmpName}"></Text>
				</f:content>
			</f:SimpleForm>
		</Panel>
		<f:SimpleForm id="PositionEngDispFormId" editable="true" layout="ResponsiveGridLayout" labelSpanXL="6" labelSpanL="6" labelSpanM="6"
			labelSpanS="1" adjustLabelSpan="false" emptySpanXL="1" emptySpanL="1" emptySpanM="1" emptySpanS="0" columnsXL="3" columnsL="3" columnsM="3"
			singleContainerFullSize="false" class="FormTitleHeight">
			<f:content>
				<core:Title text=""></core:Title>
				<Label text="{i18n>positionIdLabel}" design="Bold" class="labelCls" visible="false"/>
				<Input visible="false" width="100%" value="{PosId}" showValueHelp="true" id="dispEngPosId" editable="false" class="valueHelpCls"></Input>
				<Label text="{i18n>posTitleLabel}" design="Bold" class="labelCls" visible="false"/>
				<Input width="100%" value="{PosDesc}" showValueHelp="false" id="dispEngPosTitleId" editable="false" visible="false"/>
				<Label text="{i18n>cityLabel}" design="Bold" class="labelCls"/>
				<ComboBox placeholder="Select City" value="{City}" id="dispEngCityDropDown" width="100%" showSecondaryValues="true"
					change="onComboSelection" enabled="false" class="comboCls"></ComboBox>
				<Label text="{i18n>stateLabel}" design="Bold" class="labelCls"/>
				<ComboBox id="dispEngStateDropDown" selectedKey="{State}" value="{StateDesc}" width="100%" showSecondaryValues="true"
					selectionChange="onSelectionChange" change="onComboSelection" enabled="false" class="comboCls"></ComboBox>
				<Label text="{i18n>regionLabel}" design="Bold" class="labelCls"/>
				<ComboBox id="dispEngRegionId" value="{Region}" width="100%" showSecondaryValues="true" change="onComboSelection" enabled="false"
					class="comboCls"></ComboBox>
				<Label text="{i18n>divLabel}" design="Bold" class="labelCls"/>
				<ComboBox id="dispEngDivDropDown" value="{Division}" width="100%" showSecondaryValues="true" change="onComboSelection" enabled="false"
					class="comboCls"></ComboBox>
				<Label text="{i18n>districtLabel}" design="Bold" class="labelCls"/>
				<ComboBox id="dispEngDistrictId" value="{District}" width="100%" showSecondaryValues="true" change="onComboSelection" enabled="false"
					class="comboCls"></ComboBox>
				<Label text="{i18n>dpgZoneLabel}" design="Bold" class="labelCls"/>
				<Input width="100%" editable="false" value="{DPGZone}"/>
				<Label text="{i18n>headQuartersLabel}" design="Bold" class="labelCls"/>
				<ComboBox id="dispEngGangClsId" width="100%" selectedKey="{GangClass}" showSecondaryValues="true" change="onEngHeadQuaterChange"
					enabled="false" class="comboCls">
					<core:ListItem key="a" text=" "></core:ListItem>
					<core:ListItem key="H" text="Headquarters"></core:ListItem>
					<core:ListItem key="M" text="Mobile"></core:ListItem>
				</ComboBox>
				<Label text="{i18n>union}" design="Bold" class="labelCls"/>
				<Input width="100%" value="{Union}" showValueHelp="true" id="dispEngUnionCodeId" editable="false" class="valueHelpCls"></Input>
				<Label text="{i18n>totalRateLabel}" design="Bold" class="labelCls" visible="false"/>
				<Input visible="false" width="100%" value="{TotRate}" showValueHelp="true" id="dispEngTotalRateId" editable="false" class="valueHelpCls"></Input>
				<Label text="{i18n>prorataRateLabel}" design="Bold" class="labelCls" visible="false"/>
				<Input visible="false" width="100%" value="{ProRate}" showValueHelp="false" id="dispEngProrataId" editable="false"/>
				<Label text="{i18n>holdDays}" design="Bold" class="labelCls" required="false"/>
				<Input width="100%" value="{parts:[{path:'HoldDays'}], formatter:'.holddaysFormat'}" editable="false"/>
				<Label text="{i18n>noBidLabel}" design="Bold" class="labelCls"/>
				<CheckBox id="dispEngNoBidId" editable="false" selected="{parts:[{path:'NoBid'}], formatter:'.checkBoxFormatter'}" class="checkBoxCls"></CheckBox>
				<Label text="{i18n>obsoleteLabel}" design="Bold" class="labelCls"/>
				<CheckBox id="engObsolete" editable="false" selected="{parts:[{path:'ObsFlag'}], formatter:'.checkBoxFormatter'}" class="checkBoxCls"></CheckBox>
				<!--<Label text="Local Chairman" design="Bold" class="textColor" />-->
				<!--<Input width="100%" value="" id="LocalChairmanId" editable="false" class="rosterNoDesc"></Input>-->
				<!--<Label text="Local Chairman" design="Bold" class="textColor" />-->
				<!--<Input width="100%" value="" id="LocalChairmanId" editable="false" class="rosterNoDesc"></Input>-->
				<!--Column2-->
				<core:Title text=""></core:Title>
				<Label text="{i18n>gangDescriptionLabel}" design="Bold" class="labelCls"/>
				<Input width="100%" value="{GangDesc}" showValueHelp="false" id="dispEngGangDesId" editable="false"/>
				<Label text="{i18n>gangIDLabel}" design="Bold" class="labelCls"/>
				<Input width="100%" value="{GangId}" id="dispEngPosgangId" placeholder="Enter Employee Number" showValueHelp="true" type="Text"
					liveChange="onSupChange" suggest="handleSuggest" valueHelpRequest="onPosSupervisorReq" editable="false" class="valueHelpCls"></Input>
				<Label text="{i18n>rosterLabel}" design="Bold" class="labelCls"/>
				<Input id="dispEngRosterNumId" value="{RosterNo}" width="100%" change="onComboSelection" editable="false"></Input>
				<Label text=""></Label>
				<Text text="{RostDesc}"></Text>
				<Label text="{i18n>priorRightsRosterLabel}" design="Bold" class="labelCls"/>
				<!--<Input id="changeEngRosterNumId" value="{RosterNo}" width="100%" change="onEngRosterNoChange" showValueHelp="true" showSuggestion="true" editable="true"></Input>-->
				<Input width="100%" value="{PriorRightsRosterNo}" id="EngPRosterNumId" change="onEngRosterNoChange" showValueHelp="true" editable="false"
					valueHelpRequest="onRosterNumberValueHelp" class="rosterNoDesc valueHelpCls"></Input>
				<Label text=""></Label>
				<Text text="{PriorRightsRostDesc}"></Text>
				<Label text="{i18n>priorRightsDateLabel}" design="Bold" class="labelCls"/>
				<DatePicker width="100%" id="EngPrDate" value="{PriorRightsDate}" displayFormat="MM/dd/yyyy" placeholder="MM/DD/YYYY" valueFormat="yyyyMMdd"
					editable="false" class="datePickerCls"/>
				<Label text="{i18n>railRoadCodeLabel}" design="Bold" class="labelCls"/>
				<ComboBox id="dispEngRailRaodCodeId" value="{RRCode}" width="100%" showSecondaryValues="true" change="onComboSelection" enabled="false"
					selectionChange="onEngRrCodeChange" class="comboCls"></ComboBox>
				<Label text="{i18n>positionTypeLabel}" design="Bold" class="labelCls" visible="false"/>
				<ComboBox visible="false" id="dispEngPosTypeId" value="{PosTypeDesc}" width="100%" showSecondaryValues="true" change="onComboSelection"
					enabled="false" class="comboCls"></ComboBox>
				<Label text="{i18n>positionTypeLabel}" design="Bold" class="labelCls"/>
				<Input width="100%" value="Permanent" editable="false"></Input>
				<Label text="Mile Post" design="Bold" class="labelCls"/>
				<Input width="100%" value="{MilePost}" showValueHelp="false" id="dispEngMilePostId" editable="false"></Input>
				<Label text="{i18n>reportsToLabel}" design="Bold" class="labelCls"/>
				<Input width="100%" value="{AssignSupEmp}{= ${AssignSupEmpName} === '' ? ' ' : '-' }{AssignSupEmpName}" showValueHelp="false" id="EngAssSup"
					editable="false"/>
				<Label text="" design="Bold" class="labelCls"/>
				<Input width="100%" value="{ADE}{= ${ADEName} === '' ? ' ' : '-' }{ADEName}" showValueHelp="false" id="EngAde" editable="false"/>
				<Label text="" design="Bold" class="textColor"/>
				<Input width="100%" value="{DE}{= ${DEName} === '' ? ' ' : '-' }{DEName}" showValueHelp="false" id="EngDe" editable="false"/>
				<Label text="" design="Bold" class="textColor"/>
				<Input width="100%" value="{CE}{= ${CEName} === '' ? ' ' : '-' }{CEName}" showValueHelp="false" id="EngCe" editable="false"/>
				<!--column3-->
				<core:Title text=""></core:Title>
				<Label text="{i18n>agreementCodeLabel}" design="Bold" class="labelCls" visible="false"/>
				<ComboBox visible="false" id="dispEngAgreementId" value="{AggCode}" width="100%" showSecondaryValues="true" change="onComboSelection"
					enabled="false" class="comboCls"></ComboBox>
				<Label text="{i18n>currentBulletinNoLabel}" design="Bold" class="labelCls"/>
				<Input width="100%" value="{BullNo}" showValueHelp="false" id="dispEngBulletinNoId" editable="false"/>
				<Label text="{i18n>workScheduleCodeLabel}" design="Bold" class="labelCls"/>
				<Input id="dispEngWorkSchId" valueHelpRequest="onWorkSchValueHelp" value="{WorkSch}" width="100%" showValueHelp="true"
					change="onComboSelection" editable="false"></Input>
				<Label text="{i18n>hoursLabel}" design="Bold" class="labelCls"/>
				<Input width="100%" value="{Shifts}" showValueHelp="false" id="engShiftTimings" editable="false"></Input>
				<Label text="{i18n>resrDaysLabel}" design="Bold" class="labelCls"/>
				<Input width="100%" value="{RestDays}" showValueHelp="false" id="engResetDays" editable="false"></Input>
				<Label text="{i18n>mealPeriodLabel}" design="Bold" class="labelCls"/>
				<Input width="100%" value="{BreakDuration}" showValueHelp="false" id="engBreakPeriods" editable="false"></Input>
				<Label text="{i18n>ruleLable}" design="Bold" class="labelCls"/>
				<Input width="100%" value="{Rule}" showValueHelp="false" id="dispEngRule" editable="false"></Input>
				<Label text="{i18n>jpLabel}" design="Bold" class="labelCls"/>
				<Input width="100%" value="{JPId}" showValueHelp="false" id="dispEngJpId" editable="false"/>
				<Label text="{i18n>clonedFromLabel}" design="Bold" class="labelCls"/>
				<Input width="100%" value="{SourcePos}" showValueHelp="false" id="dispEngPosSourcePosId" editable="false"/>
				<Label text="{i18n>nedJobCode}" design="Bold" class="labelCls"/>
				<Input width="100%" value="{NEEDSJobCode}" showValueHelp="false" id="dispEngNedsId" editable="false"/>
				<Label text="{i18n>bulletinCommentsLabel}" design="Bold" class="labelCls"/>
				<TextArea rows="3" cols="40" width="100%" value="{BullComm}" id="dispEngBulletinCommId" editable="false"/>
				<Label text="{i18n>intCommentsLabel}" design="Bold" class="labelCls"/>
				<TextArea rows="3" cols="40" width="100%" value="{IntComm}" id="dispEngintCommId" editable="false"/>
				<Label text="{i18n>PayrollGrouping}" design="Bold" class="labelCls" visible="true"/>
				<Input visible="true" id="EnaPayrollGrouping" value="{Selpaygroup}" width="100%" 
					enabled="false" ></Input>
				<Label></Label>
				<Input width="100%" id="DPGFlag" visible="false"/>
				<!--<Input width="100%"  editable="false" value="{parts:[{path:'ZoneSE'},{path:'ZoneNW'},{path:'ZoneNP'},{path:'ZoneSW'},{path:'ZoneCR'},{path:'ZoneWB'}], formatter:'.DPGFlagFormater'}"/>-->
				<!--<Input width="100%" id="DPGFlag" visible="false" value="{parts:[{path:'ZoneSE'},{path:'ZoneNW'},{path:'ZoneNP'},{path:'ZoneSW'},{path:'ZoneCR'},{path:'ZoneWB'}], formatter:'.DPGFlagFormater'}"/>-->
				<!--<VBox>
					<HBox>
						<CheckBox text="SE" id="seCheckBox" select="onSelect" selected="{parts:[{path:'ZoneSE'}], formatter:'.checkBoxFormatter'}" class="checkBox"
							editable="false"/>
						<CheckBox text="NW" id="nwCheckBox" select="onSelect" selected="{parts:[{path:'ZoneNW'}], formatter:'.checkBoxFormatter'}" class="checkBox"
							editable="false"/>
					</HBox>
					<HBox>
						<CheckBox text="NP" id="npCheckBox" select="onSelect" selected="{parts:[{path:'ZoneNP'}], formatter:'.checkBoxFormatter'}" class="checkBox"
							editable="false"/>
						<CheckBox text="SW" id="swCheckBox" select="onSelect" selected="{parts:[{path:'ZoneSW'}], formatter:'.checkBoxFormatter'}" class="checkBox"
							editable="false"/>
					</HBox>
					<HBox>
						<CheckBox text="CR" id="crCheckBox" select="onSelect" selected="{parts:[{path:'ZoneCR'}], formatter:'.checkBoxFormatter'}"
							class="sapMCbLabel" editable="false"/>
						<CheckBox text="WB" id="wbCheckBox" select="onSelect" selected="{parts:[{path:'ZoneWB'}], formatter:'.checkBoxFormatter'}"
							class="sapMCbLabel" editable="false"/>
					</HBox>
				</VBox>-->
				<!--	<Label text="Training Ind" design="Bold" class="textColor"/>
				<CheckBox id="dispEngPosTrainingId" editable="false" selected="{parts:[{path:'TrainingInd'}], formatter:'.checkBoxFormatter'}"></CheckBox>-->
			</f:content>
		</f:SimpleForm>
	</VBox>
</core:FragmentDefinition>