<core:FragmentDefinition xmlns="sap.m" xmlns:core="sap.ui.core">
	<Dialog id="EngPosIdDialogue" title="{i18n>positionIdLabel}" class="sapUiSizeCompact dialog dialogWidthCls">
		<IconTabBar id="idEngIconTabBar" select="handleEngPosIconTabBarSel" class="clsITBarCls">
			<items>
				<IconTabFilter text="{i18n>posIdTabText}" key="{i18n>posIdTabText}" id="posTabEng">
					<Toolbar class="toolBarCls">
						<SearchField width="100%" class="searchFieldCls" liveChange="onEngPosLiveChangeSearch" id="dialoguEngPosIdTitleSearchId"
							placeholder="{i18n>posIdPlaceHolder}" search="onEngPosSearch"/>
					</Toolbar>
					<Table id="engPosIdOrTitleTabTable" items="{path:'engPosIdTitleModelData>/results'}" includeItemInSelection="true" class="tableCls"
						visible="false" growing="true" growingThreshold="20" growingScrollToLoad="true">
						<columns>
							<Column>
								<Label text="{i18n>posIdColumnLabel}" design="Bold" wrapping="true"/>
							</Column>
							<Column>
								<Label class="cFilterIcon" text="{i18n>descColumnLabel}" design="Bold" wrapping="true"/>
							</Column>
							<Column>
								<Label text="{i18n>unionColumnLabel}" design="Bold" wrapping="true"/>
							</Column>
							<Column>
								<!--<VBox>-->
								<!--	<Label text="{i18n>assignColumnLabel}" design="Bold"/>-->
								<!--	<Label text="{i18n>superVisorColumnLabel}" design="Bold"/>-->
								<!--</VBox>-->
								<Label class="cFilterIcon" text="{i18n>superVisorColumnLabel}" design="Bold" wrapping="true"/>
							</Column>
							<Column>
								<Label class="cFilterIcon" text="{i18n>cityColumnLabel}" design="Bold" wrapping="true"/>
							</Column>
							<Column>
								<Label text="{i18n>stateColumnLabel}" design="Bold" wrapping="true"/>
							</Column>
							<Column>
								<Label class="cFilterIcon" text="{i18n>divColumnLabel}" design="Bold" wrapping="true"/>
							</Column>
							<Column>
								<!--<VBox>-->
								<!--	<Label text="{i18n>cdlColumnLabel}" design="Bold"/>-->
								<!--	<Label text="{i18n>reqColumnLabel}" design="Bold" wrapping="true"/>-->
								<!--</VBox>-->
								<Label text="{i18n>reqColumnLabel}" design="Bold" wrapping="true"/>
							</Column>
							<Column>
								<!--<VBox>-->
								<!--	<Label text="{i18n>currColumnLabel}" design="Bold"/>-->
								<!--	<Label text="{i18n>OccuColumnLabel}" design="Bold" wrapping="true"/>-->
								<!--</VBox>-->
								<Label text="{i18n>OccuColumnLabel}" design="Bold" wrapping="true"/>
							</Column>
						</columns>
						<items>
							<ColumnListItem press="onPositionSubmit" type="Active">
								<cells>
									<Text text="{engPosIdTitleModelData>PositionId}" class="tableItemsTxtColor"/>
									<Text text="{engPosIdTitleModelData>PositionDesc}" class="tableItemsTxtColor"/>
									<Text text="{engPosIdTitleModelData>Union}" class="tableItemsTxtColor"/>
									<Text text="{engPosIdTitleModelData>AssignSup}" class="tableItemsTxtColor"/>
									<Text text="{engPosIdTitleModelData>City}" class="tableItemsTxtColor"/>
									<Text text="{engPosIdTitleModelData>State}" class="tableItemsTxtColor"/>
									<Text text="{engPosIdTitleModelData>Divison}" class="tableItemsTxtColor"/>
									<Text text="{engPosIdTitleModelData>Qualification}" class="tableItemsTxtColor"/>
									<Text text="{engPosIdTitleModelData>CurntOcupnt}" class="tableItemsTxtColor"/>
								</cells>
							</ColumnListItem>
						</items>
					</Table>
				</IconTabFilter>
				<IconTabFilter text="{i18n>unionTabText}" key="{i18n>unionTabText}" id="unionTabEng">
					<Toolbar class="toolBarCls">
						<ComboBox showSecondaryValues="true" items="{path:'engUnionDropDownModelData>/results'}" id="engUnionDropDownId"
							loadItems="onUnionDropDown1" selectionChange="onEngUnionSelectionChange1" width="60%" placeholder="{i18n>selUnion}" class="comboCls">
							<core:ListItem key="{engUnionDropDownModelData>Description}" text="{engUnionDropDownModelData>Value}"
								additionalText="{engUnionDropDownModelData>Description}"/>
						</ComboBox>
					</Toolbar>
					<Table id="engUnionTabTable" items="{path:'engUnionModelData>/results'}" includeItemInSelection="true" class="tableCls" visible="false"
						growing="true" growingThreshold="20" growingScrollToLoad="true">
						<columns>
							<Column>
								<Label text="{i18n>posIdColumnLabel}" design="Bold" wrapping="true"/>
							</Column>
							<Column>
								<Label class="cFilterIcon" text="{i18n>descColumnLabel}" design="Bold" wrapping="true"/>
							</Column>
							<Column>
								<Label text="{i18n>unionColumnLabel}" design="Bold" wrapping="true"/>
							</Column>
							<Column>
								<!--<VBox>-->
								<!--	<Label text="{i18n>assignColumnLabel}" design="Bold"/>-->
								<!--	<Label text="{i18n>superVisorColumnLabel}" design="Bold"/>-->
								<!--</VBox>-->
								<Label class="cFilterIcon" text="{i18n>superVisorColumnLabel}" design="Bold" wrapping="true"/>
							</Column>
							<Column>
								<Label class="cFilterIcon" text="{i18n>cityColumnLabel}" design="Bold" wrapping="true"/>
							</Column>
							<Column>
								<Label text="{i18n>stateColumnLabel}" design="Bold" wrapping="true"/>
							</Column>
							<Column>
								<Label class="cFilterIcon" text="{i18n>divColumnLabel}" design="Bold" wrapping="true"/>
							</Column>
							<Column>
								<!--<VBox>-->
								<!--	<Label text="{i18n>cdlColumnLabel}" design="Bold"/>-->
								<!--	<Label text="{i18n>reqColumnLabel}" design="Bold" wrapping="true"/>-->
								<!--</VBox>-->
								<Label text="{i18n>reqColumnLabel}" design="Bold" wrapping="true"/>
							</Column>
							<Column>
								<!--<VBox>-->
								<!--	<Label text="{i18n>currColumnLabel}" design="Bold"/>-->
								<!--	<Label text="{i18n>OccuColumnLabel}" design="Bold" wrapping="true"/>-->
								<!--</VBox>-->
								<Label text="{i18n>OccuColumnLabel}" design="Bold" wrapping="true"/>
							</Column>
						</columns>
						<items>
							<ColumnListItem press="onPositionSubmit" type="Active">
								<cells>
									<Text text="{engUnionModelData>PositionId}" class="tableItemsTxtColor"/>
									<Text text="{engUnionModelData>PositionDesc}" class="tableItemsTxtColor"/>
									<Text text="{engUnionModelData>Union}" class="tableItemsTxtColor"/>
									<Text text="{engUnionModelData>AssignSup}" class="tableItemsTxtColor"/>
									<Text text="{engUnionModelData>City}" class="tableItemsTxtColor"/>
									<Text text="{engUnionModelData>State}" class="tableItemsTxtColor"/>
									<Text text="{engUnionModelData>Divison}" class="tableItemsTxtColor"/>
									<Text text="{engUnionModelData>Qualification}" class="tableItemsTxtColor"/>
									<Text text="{engUnionModelData>CurntOcupnt}" class="tableItemsTxtColor"/>
								</cells>
							</ColumnListItem>
						</items>
					</Table>
				</IconTabFilter>
				<IconTabFilter text="{i18n>assignSupTabText}" key="{i18n>assignSupTabText}" id="assnSupTabEng">
					<Toolbar class="toolBarCls">
						<SearchField width="100%" class="searchFieldCls" liveChange="onEngPosSupLiveChangeSearch" id="dialoguEngPosSupSearch"
							placeholder="{i18n>posSupSrchPlaceHolder}" search="onEngPosSearch"/>
					</Toolbar>
					<Table id="engPosSupTabTable" items="{path:'engPosIdSupModelData>/results'}" includeItemInSelection="true" class="tableCls" visible="false"
						growing="true" growingThreshold="20" growingScrollToLoad="true">
						<columns>
							<Column>
								<Label text="{i18n>posIdColumnLabel}" design="Bold" wrapping="true"/>
							</Column>
							<Column>
								<Label class="cFilterIcon" text="{i18n>descColumnLabel}" design="Bold" wrapping="true"/>
							</Column>
							<Column>
								<Label text="{i18n>unionColumnLabel}" design="Bold" wrapping="true"/>
							</Column>
							<Column>
								<!--<VBox>-->
								<!--	<Label text="{i18n>assignColumnLabel}" design="Bold"/>-->
								<!--	<Label text="{i18n>superVisorColumnLabel}" design="Bold"/>-->
								<!--</VBox>-->
								<Label class="cFilterIcon" text="{i18n>superVisorColumnLabel}" design="Bold" wrapping="true"/>
							</Column>
							<Column>
								<Label class="cFilterIcon" text="{i18n>cityColumnLabel}" design="Bold" wrapping="true"/>
							</Column>
							<Column>
								<Label text="{i18n>stateColumnLabel}" design="Bold" wrapping="true"/>
							</Column>
							<Column>
								<Label class="cFilterIcon" text="{i18n>divColumnLabel}" design="Bold" wrapping="true"/>
							</Column>
							<Column>
								<!--<VBox>-->
								<!--	<Label text="{i18n>cdlColumnLabel}" design="Bold"/>-->
								<!--	<Label text="{i18n>reqColumnLabel}" design="Bold" wrapping="true"/>-->
								<!--</VBox>-->
								<Label text="{i18n>reqColumnLabel}" design="Bold" wrapping="true"/>
							</Column>
							<Column>
								<!--<VBox>-->
								<!--	<Label text="{i18n>currColumnLabel}" design="Bold"/>-->
								<!--	<Label text="{i18n>OccuColumnLabel}" design="Bold" wrapping="true"/>-->
								<!--</VBox>-->
								<Label text="{i18n>OccuColumnLabel}" design="Bold" wrapping="true"/>
							</Column>
						</columns>
						<items>
							<ColumnListItem press="onPositionSubmit" type="Active">
								<cells>
									<Text text="{engPosIdSupModelData>PositionId}" class="tableItemsTxtColor"/>
									<Text text="{engPosIdSupModelData>PositionDesc}" class="tableItemsTxtColor"/>
									<Text text="{engPosIdSupModelData>Union}" class="tableItemsTxtColor"/>
									<Text text="{engPosIdSupModelData>AssignSup}" class="tableItemsTxtColor"/>
									<Text text="{engPosIdSupModelData>City}" class="tableItemsTxtColor"/>
									<Text text="{engPosIdSupModelData>State}" class="tableItemsTxtColor"/>
									<Text text="{engPosIdSupModelData>Divison}" class="tableItemsTxtColor"/>
									<Text text="{engPosIdSupModelData>Qualification}" class="tableItemsTxtColor"/>
									<Text text="{engPosIdSupModelData>CurntOcupnt}" class="tableItemsTxtColor"/>
								</cells>
							</ColumnListItem>
						</items>
					</Table>
				</IconTabFilter>
				<IconTabFilter text="{i18n>cityTabText}" key="{i18n>cityTabText}" id="cityTabEng">
					<Toolbar class="toolBarCls">
						<SearchField width="100%" class="searchFieldCls" liveChange="onEngPosCityLiveChangeSearch" id="dialoguEngPosCitySearch"
							placeholder="{i18n>posCitySrchPlaceHolder}" search="onEngPosSearch"/>
					</Toolbar>
					<Table id="engPosCityTabTable" items="{path:'engPosCityModelData>/results'}" includeItemInSelection="true" class="tableCls" visible="false"
						growing="true" growingThreshold="20" growingScrollToLoad="true">
						<columns>
							<Column>
								<Label text="{i18n>posIdColumnLabel}" design="Bold" wrapping="true"/>
							</Column>
							<Column>
								<Label class="cFilterIcon" text="{i18n>descColumnLabel}" design="Bold" wrapping="true"/>
							</Column>
							<Column>
								<Label text="{i18n>unionColumnLabel}" design="Bold" wrapping="true"/>
							</Column>
							<Column>
								<!--<VBox>-->
								<!--	<Label text="{i18n>assignColumnLabel}" design="Bold"/>-->
								<!--	<Label text="{i18n>superVisorColumnLabel}" design="Bold"/>-->
								<!--</VBox>-->
								<Label class="cFilterIcon" text="{i18n>superVisorColumnLabel}" design="Bold" wrapping="true"/>
							</Column>
							<Column>
								<Label class="cFilterIcon" text="{i18n>cityColumnLabel}" design="Bold" wrapping="true"/>
							</Column>
							<Column>
								<Label text="{i18n>stateColumnLabel}" design="Bold" wrapping="true"/>
							</Column>
							<Column>
								<Label class="cFilterIcon" text="{i18n>divColumnLabel}" design="Bold" wrapping="true"/>
							</Column>
							<Column>
								<!--<VBox>-->
								<!--	<Label text="{i18n>cdlColumnLabel}" design="Bold"/>-->
								<!--	<Label text="{i18n>reqColumnLabel}" design="Bold" wrapping="true"/>-->
								<!--</VBox>-->
								<Label text="{i18n>reqColumnLabel}" design="Bold" wrapping="true"/>
							</Column>
							<Column>
								<!--<VBox>-->
								<!--	<Label text="{i18n>currColumnLabel}" design="Bold"/>-->
								<!--	<Label text="{i18n>OccuColumnLabel}" design="Bold" wrapping="true"/>-->
								<!--</VBox>-->
								<Label text="{i18n>OccuColumnLabel}" design="Bold" wrapping="true"/>
							</Column>
						</columns>
						<items>
							<ColumnListItem press="onPositionSubmit" type="Active">
								<cells>
									<Text text="{engPosCityModelData>PositionId}" class="tableItemsTxtColor"/>
									<Text text="{engPosCityModelData>PositionDesc}" class="tableItemsTxtColor"/>
									<Text text="{engPosCityModelData>Union}" class="tableItemsTxtColor"/>
									<Text text="{engPosCityModelData>AssignSup}" class="tableItemsTxtColor"/>
									<Text text="{engPosCityModelData>City}" class="tableItemsTxtColor"/>
									<Text text="{engPosCityModelData>State}" class="tableItemsTxtColor"/>
									<Text text="{engPosCityModelData>Divison}" class="tableItemsTxtColor"/>
									<Text text="{engPosCityModelData>Qualification}" class="tableItemsTxtColor"/>
									<Text text="{engPosCityModelData>CurntOcupnt}" class="tableItemsTxtColor"/>
								</cells>
							</ColumnListItem>
						</items>
					</Table>
				</IconTabFilter>
				<IconTabFilter text="{i18n>stateTabText}" key="{i18n>stateTabText}" id="stateTabEng">
					<Toolbar class="toolBarCls">
						<!--<SearchField width="100%" class="sapUiSmallMargin searchFieldCls" liveChange="onEngPosStateLiveChangeSearch" id="dialoguEngPosStateSearch"-->
						<!--	placeholder="{i18n>posStateSrchPlaceHolder}" search="onEngPosSearch"/>-->
						<!--<Input width="90%" showSuggestion="true" id="stateInp" showValueHelp="true" valueHelpRequest="onStateRequest"/>-->
						<ComboBox showSecondaryValues="true" items="{path:'engStateModelData>/results'}" id="stateDropDown" loadItems="onStateDropDown1"
							selectionChange="onStateSelectionChange" width="60%" placeholder="{i18n>selState}" class="comboCls">
							<core:ListItem key="{engStateModelData>Description}" text="{engStateModelData>Value}" additionalText="{engStateModelData>Description}"/>
						</ComboBox>
					</Toolbar>
					<Table id="engPosStateTabTable" items="{path:'engPosStateModelData>/results'}" includeItemInSelection="true" class="tableCls"
						visible="false" growing="true" growingThreshold="20" growingScrollToLoad="true">
						<columns>
							<Column>
								<Label text="{i18n>posIdColumnLabel}" design="Bold" wrapping="true"/>
							</Column>
							<Column>
								<Label class="cFilterIcon" text="{i18n>descColumnLabel}" design="Bold" wrapping="true"/>
							</Column>
							<Column>
								<Label text="{i18n>unionColumnLabel}" design="Bold" wrapping="true"/>
							</Column>
							<Column>
								<!--<VBox>-->
								<!--	<Label text="{i18n>assignColumnLabel}" design="Bold"/>-->
								<!--	<Label text="{i18n>superVisorColumnLabel}" design="Bold"/>-->
								<!--</VBox>-->
								<Label class="cFilterIcon" text="{i18n>superVisorColumnLabel}" design="Bold" wrapping="true"/>
							</Column>
							<Column>
								<Label class="cFilterIcon" text="{i18n>cityColumnLabel}" design="Bold" wrapping="true"/>
							</Column>
							<Column>
								<Label text="{i18n>stateColumnLabel}" design="Bold" wrapping="true"/>
							</Column>
							<Column>
								<Label class="cFilterIcon" text="{i18n>divColumnLabel}" design="Bold" wrapping="true"/>
							</Column>
							<Column>
								<!--<VBox>-->
								<!--	<Label text="{i18n>cdlColumnLabel}" design="Bold"/>-->
								<!--	<Label text="{i18n>reqColumnLabel}" design="Bold" wrapping="true"/>-->
								<!--</VBox>-->
								<Label text="{i18n>reqColumnLabel}" design="Bold" wrapping="true"/>
							</Column>
							<Column>
								<!--<VBox>-->
								<!--	<Label text="{i18n>currColumnLabel}" design="Bold"/>-->
								<!--	<Label text="{i18n>OccuColumnLabel}" design="Bold" wrapping="true"/>-->
								<!--</VBox>-->
								<Label text="{i18n>OccuColumnLabel}" design="Bold" wrapping="true"/>
							</Column>
						</columns>
						<items>
							<ColumnListItem press="onPositionSubmit" type="Active">
								<cells>
									<Text text="{engPosStateModelData>PositionId}" class="tableItemsTxtColor"/>
									<Text text="{engPosStateModelData>PositionDesc}" class="tableItemsTxtColor"/>
									<Text text="{engPosStateModelData>Union}" class="tableItemsTxtColor"/>
									<Text text="{engPosStateModelData>AssignSup}" class="tableItemsTxtColor"/>
									<Text text="{engPosStateModelData>City}" class="tableItemsTxtColor"/>
									<Text text="{engPosStateModelData>State}" class="tableItemsTxtColor"/>
									<Text text="{engPosStateModelData>Divison}" class="tableItemsTxtColor"/>
									<Text text="{engPosStateModelData>Qualification}" class="tableItemsTxtColor"/>
									<Text text="{engPosStateModelData>CurntOcupnt}" class="tableItemsTxtColor"/>
								</cells>
							</ColumnListItem>
						</items>
					</Table>
				</IconTabFilter>
				<IconTabFilter text="{i18n>divTabText}" key="{i18n>divTabText}" id="divTabEng">
					<Toolbar class="toolBarCls">
						<!--<SearchField width="100%" class="sapUiSmallMargin searchFieldCls" liveChange="onEngPosDivLiveChangeSearch" id="dialoguEngPosDivSearch"-->
						<!--	placeholder="{i18n>posDivSrchPlaceHolder}" search="onEngPosSearch"/>-->
						<ComboBox showSecondaryValues="true" items="{path:'engDivModelData>/results'}" id="EngDivDropDown" loadItems="onDivDropDown1"
							selectionChange="onDivSelectionChange1" width="60%" placeholder="{i18n>selDiv}" class="comboCls">
							<core:ListItem key="{engDivModelData>Description}" text="{engDivModelData>Value}" additionalText="{engDivModelData>Description}"/>
						</ComboBox>
					</Toolbar>
					<Table id="engPosDivTabTable" items="{path:'engPosDivModelData>/results'}" includeItemInSelection="true" class="tableCls" visible="false"
						growing="true" growingThreshold="20" growingScrollToLoad="true">
						<columns>
							<Column>
								<Label text="{i18n>posIdColumnLabel}" design="Bold" wrapping="true"/>
							</Column>
							<Column>
								<Label class="cFilterIcon" text="{i18n>descColumnLabel}" design="Bold" wrapping="true"/>
							</Column>
							<Column>
								<Label text="{i18n>unionColumnLabel}" design="Bold" wrapping="true"/>
							</Column>
							<Column>
								<!--<VBox>-->
								<!--	<Label text="{i18n>assignColumnLabel}" design="Bold"/>-->
								<!--	<Label text="{i18n>superVisorColumnLabel}" design="Bold"/>-->
								<!--</VBox>-->
								<Label class="cFilterIcon" text="{i18n>superVisorColumnLabel}" design="Bold" wrapping="true"/>
							</Column>
							<Column>
								<Label class="cFilterIcon" text="{i18n>cityColumnLabel}" design="Bold" wrapping="true"/>
							</Column>
							<Column>
								<Label text="{i18n>stateColumnLabel}" design="Bold" wrapping="true"/>
							</Column>
							<Column>
								<Label class="cFilterIcon" text="{i18n>divColumnLabel}" design="Bold" wrapping="true"/>
							</Column>
							<Column>
								<!--<VBox>-->
								<!--	<Label text="{i18n>cdlColumnLabel}" design="Bold"/>-->
								<!--	<Label text="{i18n>reqColumnLabel}" design="Bold" wrapping="true"/>-->
								<!--</VBox>-->
								<Label text="{i18n>reqColumnLabel}" design="Bold" wrapping="true"/>
							</Column>
							<Column>
								<!--<VBox>-->
								<!--	<Label text="{i18n>currColumnLabel}" design="Bold"/>-->
								<!--	<Label text="{i18n>OccuColumnLabel}" design="Bold" wrapping="true"/>-->
								<!--</VBox>-->
								<Label text="{i18n>OccuColumnLabel}" design="Bold" wrapping="true"/>
							</Column>
						</columns>
						<items>
							<ColumnListItem press="onPositionSubmit" type="Active">
								<cells>
									<Text text="{engPosDivModelData>PositionId}" class="tableItemsTxtColor"/>
									<Text text="{engPosDivModelData>PositionDesc}" class="tableItemsTxtColor"/>
									<Text text="{engPosDivModelData>Union}" class="tableItemsTxtColor"/>
									<Text text="{engPosDivModelData>AssignSup}" class="tableItemsTxtColor"/>
									<Text text="{engPosDivModelData>City}" class="tableItemsTxtColor"/>
									<Text text="{engPosDivModelData>State}" class="tableItemsTxtColor"/>
									<Text text="{engPosDivModelData>Divison}" class="tableItemsTxtColor"/>
									<Text text="{engPosDivModelData>Qualification}" class="tableItemsTxtColor"/>
									<Text text="{engPosDivModelData>CurntOcupnt}" class="tableItemsTxtColor"/>
								</cells>
							</ColumnListItem>
						</items>
					</Table>
				</IconTabFilter>
				<IconTabFilter text="{i18n>gangTabText}" key="{i18n>gangTabText}" id="gangTabEng">
					<Toolbar class="toolBarCls">
						<!--<SearchField width="100%" class="sapUiSmallMargin searchFieldCls" liveChange="onEngPosGangIdLiveChangeSearch" id="dialoguEngPosGangIdSearch"-->
						<!--	placeholder="{i18n>posGangIdSrchPlaceHolder}" search="onEngPosSearch"/>-->
						<ComboBox showSecondaryValues="true" filterSecondaryValues="true" items="{path:'engGangIdDropDownData>/results'}"
							id="dialoguEngPosGangIdSearch" loadItems="onGangIdDropDown" change="onEngGangIdSelectionChange" width="60%"
							placeholder="{i18n>posGangIdSrchPlaceHolder}" class="comboCls">
							<core:ListItem key="{engGangIdDropDownData>Description}" text="{engGangIdDropDownData>Value}"
								additionalText="{engGangIdDropDownData>Description}"/>
						</ComboBox>
					</Toolbar>
					<Table id="engPosGangIdTabTable" items="{path:'engPosGangIdModelData>/results'}" includeItemInSelection="true" class="tableCls"
						visible="false" growing="true" growingThreshold="20" growingScrollToLoad="true">
						<columns>
							<Column>
								<Label text="{i18n>posIdColumnLabel}" design="Bold" wrapping="true"/>
							</Column>
							<Column>
								<Label class="cFilterIcon" text="{i18n>descColumnLabel}" design="Bold" wrapping="true"/>
							</Column>
							<Column>
								<Label text="{i18n>unionColumnLabel}" design="Bold" wrapping="true"/>
							</Column>
							<Column>
								<!--<VBox>-->
								<!--	<Label text="{i18n>assignColumnLabel}" design="Bold"/>-->
								<!--	<Label text="{i18n>superVisorColumnLabel}" design="Bold"/>-->
								<!--</VBox>-->
								<Label class="cFilterIcon" text="{i18n>superVisorColumnLabel}" design="Bold" wrapping="true"/>
							</Column>
							<Column>
								<Label class="cFilterIcon" text="{i18n>cityColumnLabel}" design="Bold" wrapping="true"/>
							</Column>
							<Column>
								<Label text="{i18n>stateColumnLabel}" design="Bold" wrapping="true"/>
							</Column>
							<Column>
								<Label class="cFilterIcon" text="{i18n>divColumnLabel}" design="Bold" wrapping="true"/>
							</Column>
							<Column>
								<!--<VBox>-->
								<!--	<Label text="{i18n>cdlColumnLabel}" design="Bold"/>-->
								<!--	<Label text="{i18n>reqColumnLabel}" design="Bold" wrapping="true"/>-->
								<!--</VBox>-->
								<Label text="{i18n>reqColumnLabel}" design="Bold" wrapping="true"/>
							</Column>
							<Column>
								<!--<VBox>-->
								<!--	<Label text="{i18n>currColumnLabel}" design="Bold"/>-->
								<!--	<Label text="{i18n>OccuColumnLabel}" design="Bold" wrapping="true"/>-->
								<!--</VBox>-->
								<Label text="{i18n>OccuColumnLabel}" design="Bold" wrapping="true"/>
							</Column>
						</columns>
						<items>
							<ColumnListItem press="onPositionSubmit" type="Active">
								<cells>
									<Text text="{engPosGangIdModelData>PositionId}" class="tableItemsTxtColor"/>
									<Text text="{engPosGangIdModelData>PositionDesc}" class="tableItemsTxtColor"/>
									<Text text="{engPosGangIdModelData>Union}" class="tableItemsTxtColor"/>
									<Text text="{engPosGangIdModelData>AssignSup}" class="tableItemsTxtColor"/>
									<Text text="{engPosGangIdModelData>City}" class="tableItemsTxtColor"/>
									<Text text="{engPosGangIdModelData>State}" class="tableItemsTxtColor"/>
									<Text text="{engPosGangIdModelData>Divison}" class="tableItemsTxtColor"/>
									<Text text="{engPosGangIdModelData>Qualification}" class="tableItemsTxtColor"/>
									<Text text="{engPosGangIdModelData>CurntOcupnt}" class="tableItemsTxtColor"/>
								</cells>
							</ColumnListItem>
						</items>
					</Table>
				</IconTabFilter>
				<IconTabFilter id="engPosEmpIconTab" text="{i18n>empTabText}" key="{i18n>empTabText}">
					<Toolbar class="toolBarCls">
						<!--<ComboBox showSecondaryValues="true" items="{path:'TCUDeskSuggDropdown>/results'}" id="dialoguTcuPosEmpSearch"-->
						<!--	loadItems="onTcuDeptDropDown1" selectionChange="onTcuPosSearch" width="60%" placeholder="{i18n>deskSrchPlaceHolder}">-->
						<!--	<core:ListItem key="{TCUDeskSuggDropdown>Desk_Num}" text="{TCUDeskSuggDropdown>Desk_Num}"-->
						<!--		additionalText="{TCUDeskSuggDropdown>Desk_Num_Desc}"/>-->
						<!--</ComboBox>-->
						<SearchField width="100%" class="sapUiSmallMargin searchFieldCls" liveChange="onMechEmpSearch" id="dialoguEngEmpSearch"
							placeholder="{i18n>empSrchPlaceHolder}" search="onEngPosSearch"/>
					</Toolbar>
					<Table id="engPosEmpTabTable" items="{path: 'engPosEmpModelData>/results'}" includeItemInSelection="true" class="tableCls" visible="false"
						growing="true" growingThreshold="20" growingScrollToLoad="true">
						<columns>
							<Column>
								<Label text="{i18n>posIdColumnLabel}" design="Bold" wrapping="true"/>
							</Column>
							<Column>
								<Label class="cFilterIcon" text="{i18n>descColumnLabel}" design="Bold" wrapping="true"/>
							</Column>
							<Column>
								<Label text="{i18n>unionColumnLabel}" design="Bold" wrapping="true"/>
							</Column>
							<Column>
								<!--<VBox>-->
								<!--	<Label text="{i18n>assignColumnLabel}" design="Bold"/>-->
								<!--	<Label text="{i18n>superVisorColumnLabel}" design="Bold"/>-->
								<!--</VBox>-->
								<Label class="cFilterIcon" text="{i18n>superVisorColumnLabel}" design="Bold" wrapping="true"/>
							</Column>
							<Column>
								<Label class="cFilterIcon" text="{i18n>cityColumnLabel}" design="Bold" wrapping="true"/>
							</Column>
							<Column>
								<Label text="{i18n>stateColumnLabel}" design="Bold" wrapping="true"/>
							</Column>
							<Column>
								<Label class="cFilterIcon" text="{i18n>divColumnLabel}" design="Bold" wrapping="true"/>
							</Column>
							<Column>
								<!--<VBox>-->
								<!--	<Label text="{i18n>cdlColumnLabel}" design="Bold"/>-->
								<!--	<Label text="{i18n>reqColumnLabel}" design="Bold" wrapping="true"/>-->
								<!--</VBox>-->
								<Label text="{i18n>reqColumnLabel}" design="Bold" wrapping="true"/>
							</Column>
							<Column>
								<!--<VBox>-->
								<!--	<Label text="{i18n>currColumnLabel}" design="Bold"/>-->
								<!--	<Label text="{i18n>OccuColumnLabel}" design="Bold" wrapping="true"/>-->
								<!--</VBox>-->
								<Label text="{i18n>OccuColumnLabel}" design="Bold" wrapping="true"/>
							</Column>
						</columns>
						<items>
							<ColumnListItem press="onPositionSubmit" type="Active">
								<cells>
									<Text text="{engPosEmpModelData>PositionId}" class="tableItemsTxtColor"/>
									<Text text="{engPosEmpModelData>PositionDesc}" class="tableItemsTxtColor"/>
									<Text text="{engPosEmpModelData>Union}" class="tableItemsTxtColor"/>
									<Text text="{engPosEmpModelData>AssignSup}" class="tableItemsTxtColor"/>
									<Text text="{engPosEmpModelData>City}" class="tableItemsTxtColor"/>
									<Text text="{engPosEmpModelData>State}" class="tableItemsTxtColor"/>
									<Text text="{engPosEmpModelData>Divison}" class="tableItemsTxtColor"/>
									<Text text="{engPosEmpModelData>Qualification}" class="tableItemsTxtColor"/>
									<Text text="{engPosEmpModelData>CurntOcupnt}" class="tableItemsTxtColor"/>
								</cells>
							</ColumnListItem>
						</items>
					</Table>
				</IconTabFilter>
			</items>
		</IconTabBar>
		<endButton>
			<Button text="{i18n>cancel}" press="onEngPosDialogCancel1" class="clsBtnColorYellowRed"/>
		</endButton>
	</Dialog>
</core:FragmentDefinition>