<core:FragmentDefinition xmlns="sap.m" xmlns:core="sap.ui.core">
	<Dialog id="EngRosterDialogue" title="{i18n>rosterTitle}" class="sapUiSizeCompact dialog">
		<IconTabBar id="idEngRosterIconTabBar"
			class="clsITBarCls">
			<items>
				<IconTabFilter text="{i18n>rosterNoTabText}" key="Roster Number or Desc">
					<Toolbar class="toolBarCls">
						<SearchField width="100%" class="sapUiSmallMargin searchFieldCls" liveChange="onEngRosterLiveChangeSearch" id="dialoguEngRosterNoDescSearch"
							placeholder="{i18n>rosterNoPlaceHolder}" search="onEngRosterSearch"/>
					</Toolbar>
					<Table id="engRosterNoDescTabTable" items="{path:'engRosterNoDescModelData>/results'}" includeItemInSelection="true"
						class="tableCls" visible="true" growing="true" growingThreshold="20" growingScrollToLoad="true">
						<columns>
							<Column>
								<Label text="{i18n>rosterNoColumnLabel}" design="Bold" wrapping="true"/>
							</Column>
							<Column>
								<Label text="{i18n>RostdescColumnLabel}" design="Bold" wrapping="true"/>
							</Column>
							<Column>
								<Label text="{i18n>unionColumnLabel}" design="Bold" wrapping="true"/>
							</Column>
							<Column>
								<Label text="{i18n>rrCodeColumnLabel}" design="Bold" wrapping="true"/>
							</Column>
							<Column>
								<Label text="{i18n>regionColumnLabel}" design="Bold" wrapping="true"/>
							</Column>
							<Column>
								<Label text="{i18n>divColumnLabel}" design="Bold" wrapping="true"/>
							</Column>
							<Column>
								<Label text="{i18n>distColumnLabel}" design="Bold" wrapping="true"/>
							</Column>
						</columns>
						<items>
							<ColumnListItem press="onEngRosterSubmit" type="Active">
								<cells>
									<Text text="{engRosterNoDescModelData>RosterNo}" class="tableItemsTxtColor"/>
									<Text text="{engRosterNoDescModelData>RostDesc}" class="tableItemsTxtColor"/>
									<Text text="{engRosterNoDescModelData>Union}" class="tableItemsTxtColor"/>
									<Text text="{engRosterNoDescModelData>RRCode}" class="tableItemsTxtColor"/>
									<Text text="{engRosterNoDescModelData>Region}" class="tableItemsTxtColor"/>
									<Text text="{engRosterNoDescModelData>Division}" class="tableItemsTxtColor"/>
									<Text text="{engRosterNoDescModelData>District}" class="tableItemsTxtColor"/>
								</cells>
							</ColumnListItem>
						</items>
					</Table>
				</IconTabFilter>
				<IconTabFilter text="{i18n>unionTabText}" key="{i18n>unionTabText}">
					<Toolbar class="toolBarCls">
						<ComboBox showSecondaryValues="true" items="{path:'engUnionDropDownData>/results'}" id="engUnionDropDown" loadItems="onUnionDropDown"
							selectionChange="onEngUnionSelectionChange" width="60%" placeholder="{i18n>selUnion}" class="comboCls">
							<core:ListItem key="{engUnionDropDownData>Description}" text="{engUnionDropDownData>Value}"
								additionalText="{engUnionDropDownData>Description}"/>
						</ComboBox>
					</Toolbar>
					<Table id="RosengUnionTabTable" items="{path:'engUnionModelData>/results'}" includeItemInSelection="true"
						class="tableCls" visible="true" growing="true" growingThreshold="20" growingScrollToLoad="true">
						<columns>
							<Column>
								<Label text="{i18n>rosterNoColumnLabel}" design="Bold" wrapping="true"/>
							</Column>
							<Column>
								<Label text="{i18n>descColumnLabel}" design="Bold" wrapping="true"/>
							</Column>
							<Column>
								<Label text="{i18n>unionColumnLabel}" design="Bold" wrapping="true"/>
							</Column>
							<Column>
								<Label text="{i18n>rrCodeColumnLabel}" design="Bold" wrapping="true"/>
							</Column>
							<Column>
								<Label text="{i18n>regionColumnLabel}" design="Bold" wrapping="true"/>
							</Column>
							<Column>
								<Label text="{i18n>divColumnLabel}" design="Bold" wrapping="true"/>
							</Column>
							<Column>
								<Label text="{i18n>distColumnLabel}" design="Bold" wrapping="true"/>
							</Column>
						</columns>
						<items>
							<ColumnListItem press="onEngRosterSubmit" type="Active">
								<cells>
									<Text text="{engUnionModelData>RosterNo}" class="tableItemsTxtColor"/>
									<Text text="{engUnionModelData>RostDesc}" class="tableItemsTxtColor"/>
									<Text text="{engUnionModelData>Union}" class="tableItemsTxtColor"/>
									<Text text="{engUnionModelData>RRCode}" class="tableItemsTxtColor"/>
									<Text text="{engUnionModelData>Region}" class="tableItemsTxtColor"/>
									<Text text="{engUnionModelData>Division}" class="tableItemsTxtColor"/>
									<Text text="{engUnionModelData>District}" class="tableItemsTxtColor"/>
								</cells>
							</ColumnListItem>
						</items>
					</Table>
				</IconTabFilter>
				<IconTabFilter text="{i18n>rrCodeTabText}" key="{i18n>rrCodeTabText}">
					<Toolbar class="toolBarCls">
						<ComboBox showSecondaryValues="true" items="{path:'mechRrCodeDropDownData>/results'}" id="engRrCodeDropDown" loadItems="onRrCodeDropDown"
							selectionChange="onRrCodeSelectionChange" width="60%" placeholder="{i18n>selRrcode}" class="comboCls">
							<core:ListItem key="{mechRrCodeDropDownData>Description}" text="{mechRrCodeDropDownData>Value}"
								additionalText="{mechRrCodeDropDownData>Description}"/>
						</ComboBox>
					</Toolbar>
					<Table id="engRrCodeTabTable" items="{path:'engRrCodeModelData>/results'}" includeItemInSelection="true"
						class="tableCls" visible="true" growing="true" growingThreshold="20" growingScrollToLoad="true">
						<columns>
							<Column>
								<Label text="{i18n>rosterNoColumnLabel}" design="Bold" wrapping="true"/>
							</Column>
							<Column>
								<Label text="{i18n>descColumnLabel}" design="Bold" wrapping="true"/>
							</Column>
							<Column>
								<Label text="{i18n>unionColumnLabel}" design="Bold" wrapping="true"/>
							</Column>
							<Column>
								<Label text="{i18n>rrCodeColumnLabel}" design="Bold" wrapping="true"/>
							</Column>
							<Column>
								<Label text="{i18n>regionColumnLabel}" design="Bold" wrapping="true"/>
							</Column>
							<Column>
								<Label text="{i18n>divColumnLabel}" design="Bold" wrapping="true"/>
							</Column>
							<Column>
								<Label text="{i18n>distColumnLabel}" design="Bold" wrapping="true"/>
							</Column>
						</columns>
						<items>
							<ColumnListItem press="onEngRosterSubmit" type="Active">
								<cells>
									<Text text="{engRrCodeModelData>RosterNo}" class="tableItemsTxtColor"/>
									<Text text="{engRrCodeModelData>RostDesc}" class="tableItemsTxtColor"/>
									<Text text="{engRrCodeModelData>Union}" class="tableItemsTxtColor"/>
									<Text text="{engRrCodeModelData>RRCode}" class="tableItemsTxtColor"/>
									<Text text="{engRrCodeModelData>Region}" class="tableItemsTxtColor"/>
									<Text text="{engRrCodeModelData>Division}" class="tableItemsTxtColor"/>
									<Text text="{engRrCodeModelData>District}" class="tableItemsTxtColor"/>
								</cells>
							</ColumnListItem>
						</items>
					</Table>
				</IconTabFilter>
				<IconTabFilter text="{i18n>regionTabText}" key="{i18n>regionTabText}">
					<Toolbar class="toolBarCls">
						<ComboBox showSecondaryValues="true" items="{path:'engRegionDropDownModelData>/results'}" id="engRegionDropDown" loadItems="onRegionDropDown"
							selectionChange="onRegionSelectionChange" width="60%" placeholder="{i18n>selRegion}" class="comboCls">
							<core:ListItem key="{engRegionDropDownModelData>Description}" text="{engRegionDropDownModelData>Value}"
								additionalText="{engRegionDropDownModelData>Description}"/>
						</ComboBox>
					</Toolbar>
					<Table id="engRegionTabTable" items="{path:'engRegionModelData>/results'}" includeItemInSelection="true"
						class="tableCls" visible="true" growing="true" growingThreshold="20" growingScrollToLoad="true">
						<columns>
							<Column>
								<Label text="{i18n>rosterNoColumnLabel}" design="Bold" wrapping="true"/>
							</Column>
							<Column>
								<Label text="{i18n>descColumnLabel}" design="Bold" wrapping="true"/>
							</Column>
							<Column>
								<Label text="{i18n>unionColumnLabel}" design="Bold" wrapping="true"/>
							</Column>
							<Column>
								<Label text="{i18n>rrCodeColumnLabel}" design="Bold" wrapping="true"/>
							</Column>
							<Column>
								<Label text="{i18n>regionColumnLabel}" design="Bold" wrapping="true"/>
							</Column>
							<Column>
								<Label text="{i18n>divColumnLabel}" design="Bold" wrapping="true"/>
							</Column>
							<Column>
								<Label text="{i18n>distColumnLabel}" design="Bold" wrapping="true"/>
							</Column>
						</columns>
						<items>
							<ColumnListItem press="onEngRosterSubmit" type="Active">
								<cells>
									<Text text="{engRegionModelData>RosterNo}" class="tableItemsTxtColor"/>
									<Text text="{engRegionModelData>RostDesc}" class="tableItemsTxtColor"/>
									<Text text="{engRegionModelData>Union}" class="tableItemsTxtColor"/>
									<Text text="{engRegionModelData>RRCode}" class="tableItemsTxtColor"/>
									<Text text="{engRegionModelData>Region}" class="tableItemsTxtColor"/>
									<Text text="{engRegionModelData>Division}" class="tableItemsTxtColor"/>
									<Text text="{engRegionModelData>District}" class="tableItemsTxtColor"/>
								</cells>
							</ColumnListItem>
						</items>
					</Table>
				</IconTabFilter>
				<IconTabFilter text="{i18n>divTabText}" key="{i18n>divTabText}">
					<Toolbar class="toolBarCls">
						<ComboBox showSecondaryValues="true" items="{path:'engDivDropDownData>/results'}" id="engDivDropDown" loadItems="onDivDropDown"
							selectionChange="onDivSelectionChange" width="60%" placeholder="{i18n>selDiv}" class="comboCls">
							<core:ListItem key="{engDivDropDownData>Description}" text="{engDivDropDownData>Value}" additionalText="{engDivDropDownData>Description}"/>
						</ComboBox>
					</Toolbar>
					<Table id="engDivTabTable" items="{path:'engDivModelData>/results'}" includeItemInSelection="true"
						class="tableCls" visible="true" growing="true" growingThreshold="20" growingScrollToLoad="true">
						<columns>
							<Column>
								<Label text="{i18n>rosterNoColumnLabel}" design="Bold" wrapping="true"/>
							</Column>
							<Column>
								<Label text="{i18n>descColumnLabel}" design="Bold" wrapping="true"/>
							</Column>
							<Column>
								<Label text="{i18n>unionColumnLabel}" design="Bold" wrapping="true"/>
							</Column>
							<Column>
								<Label text="{i18n>rrCodeColumnLabel}" design="Bold" wrapping="true"/>
							</Column>
							<Column>
								<Label text="{i18n>regionColumnLabel}" design="Bold" wrapping="true"/>
							</Column>
							<Column>
								<Label text="{i18n>divColumnLabel}" design="Bold" wrapping="true"/>
							</Column>
							<Column>
								<Label text="{i18n>distColumnLabel}" design="Bold" wrapping="true"/>
							</Column>
						</columns>
						<items>
							<ColumnListItem press="onEngRosterSubmit" type="Active">
								<cells>
									<Text text="{engDivModelData>RosterNo}" class="tableItemsTxtColor"/>
									<Text text="{engDivModelData>RostDesc}" class="tableItemsTxtColor"/>
									<Text text="{engDivModelData>Union}" class="tableItemsTxtColor"/>
									<Text text="{engDivModelData>RRCode}" class="tableItemsTxtColor"/>
									<Text text="{engDivModelData>Region}" class="tableItemsTxtColor"/>
									<Text text="{engDivModelData>Division}" class="tableItemsTxtColor"/>
									<Text text="{engDivModelData>District}" class="tableItemsTxtColor"/>
								</cells>
							</ColumnListItem>
						</items>
					</Table>
				</IconTabFilter>
				<IconTabFilter text="{i18n>distTabText}" key="{i18n>distTabText}">
					<Toolbar class="toolBarCls">
						<!--<ComboBox showSecondaryValues="true" items="{path:'engStateModelData>/results'}" id="distDropDown" loadItems="onDistrictDropDown"-->
						<!--	selectionChange="onDistSelectionChange" width="60%" placeholder="{i18n>selDist}" class="comboCls">-->
						<!--	<core:ListItem key="{engStateModelData>Description}" text="{engStateModelData>Value}" additionalText="{engStateModelData>Description}"/>-->
						<!--</ComboBox>-->
						<SearchField width="100%" class="sapUiSmallMargin searchFieldCls" liveChange="onEngDistLiveChangeSearch" id="dialoguDistSearch"
							placeholder="{i18n>distPlaceHolder}" search="onEngRosterSearch"/>
					</Toolbar>
					<Table id="engDistTabTable" items="{path:'engDistModelData>/results'}" includeItemInSelection="true"
						class="tableCls" visible="true" growing="true" growingThreshold="20" growingScrollToLoad="true">
						<columns>
							<Column>
								<Label text="{i18n>rosterNoColumnLabel}" design="Bold" wrapping="true"/>
							</Column>
							<Column>
								<Label text="{i18n>descColumnLabel}" design="Bold" wrapping="true"/>
							</Column>
							<Column>
								<Label text="{i18n>unionColumnLabel}" design="Bold" wrapping="true"/>
							</Column>
							<Column>
								<Label text="{i18n>rrCodeColumnLabel}" design="Bold" wrapping="true"/>
							</Column>
							<Column>
								<Label text="{i18n>regionColumnLabel}" design="Bold" wrapping="true"/>
							</Column>
							<Column>
								<Label text="{i18n>divColumnLabel}" design="Bold" wrapping="true"/>
							</Column>
							<Column>
								<Label text="{i18n>distColumnLabel}" design="Bold" wrapping="true"/>
							</Column>
						</columns>
						<items>
							<ColumnListItem press="onEngRosterSubmit" type="Active">
								<cells>
									<Text text="{engDistModelData>RosterNo}" class="tableItemsTxtColor"/>
									<Text text="{engDistModelData>RostDesc}" class="tableItemsTxtColor"/>
									<Text text="{engDistModelData>Union}" class="tableItemsTxtColor"/>
									<Text text="{engDistModelData>RRCode}" class="tableItemsTxtColor"/>
									<Text text="{engDistModelData>Region}" class="tableItemsTxtColor"/>
									<Text text="{engDistModelData>Division}" class="tableItemsTxtColor"/>
									<Text text="{engDistModelData>District}" class="tableItemsTxtColor"/>
								</cells>
							</ColumnListItem>
						</items>
					</Table>
				</IconTabFilter>
			</items>
		</IconTabBar>
		<endButton>
			<Button text="{i18n>cancel}" press="onEngRosterDialogCancel" class="clsBtnColorYellowRed"/>
		</endButton>
	</Dialog>
</core:FragmentDefinition>