<core:FragmentDefinition xmlns="sap.m" xmlns:core="sap.ui.core">
	<Dialog id="ilaPosIdDialogue" title="{i18n>posIdDialogTitle}" class="sapUiSizeCompact dialog">
		<!--<Toolbar>-->
		<!--	<SearchField width="100%" class="sapUiSmallMargin searchFieldCls" liveChange="onIlaPosIdLiveChangeSearch" id="dialogueIlaPosIdOrTitleSearch"-->
		<!--		placeholder="{i18n>posIdSrchPlaceHolder}" search="onIlaPosIdSearch"/>-->
		<!--</Toolbar>-->
		<!--<Table id="ilaPosIdOrTitleTable" items="{path: 'ilaPosIdTitleModelData>/results'}" includeItemInSelection="true"-->
		<!--	class="clsColumnHeader clsTableHeader listBg" visible="false" growing="true" growingThreshold="20" growingScrollToLoad="true">-->
		<!--	<columns>-->
		<!--		<Column>-->
		<!--			<Label text="{i18n>posIdColumnLabel}" design="Bold"/>-->
		<!--		</Column>-->
		<!--		<Column>-->
		<!--			<Label text="{i18n>descColumnLabel}" design="Bold"/>-->
		<!--		</Column>-->
		<!--		<Column>-->
		<!--			<Label text="{i18n>unionColumnLabel}" design="Bold"/>-->
		<!--		</Column>-->
		<!--		<Column>-->
		<!--			<Label text="{i18n>currOccuColumnLabel}" design="Bold"/>-->
		<!--		</Column>-->
		<!--	</columns>-->
		<!--	<items>-->
		<!--		<ColumnListItem press="onIlaPosIdOrTitleSubmit" type="Active">-->
		<!--			<cells>-->
		<!--				<Text text="{ilaPosIdTitleModelData>PositionId}"/>-->
		<!--				<Text text="{ilaPosIdTitleModelData>PositionDesc}"/>-->
		<!--				<Text text="{ilaPosIdTitleModelData>Union}"/>-->
		<!--				<Text text="{ilaPosIdTitleModelData>Union}"/>-->
		<!--			</cells>-->
		<!--		</ColumnListItem>-->
		<!--	</items>-->
		<!--</Table>-->
		<IconTabBar id="ilaIconTabBar" select="ilaIconTabBarSelect"
			class="clsITBarCls">
			<items>
				<IconTabFilter text="{i18n>posIdTabText}" key="{i18n>posIdTabText}">
					<SearchField width="100%" class="sapUiSmallMargin searchFieldCls" liveChange="onIlaPosIdLiveChangeSearch" id="dialogueIlaPosIdOrTitleSearch"
						placeholder="{i18n>posIdSrchPlaceHolder}" search="onIlaPosIdSearch"/>
				</IconTabFilter>
				<IconTabFilter text="{i18n>currOccuPantTabText}" key="{i18n>currOccuPantTabText}">
					<SearchField width="100%" class="sapUiSmallMargin searchFieldCls" liveChange="onIlaPosIdLiveChangeSearch" id="dialogueIlaEmpSearch"
						placeholder="Enter Employee ID or Employee Name" search="onIlaEmpSearch"/>
				</IconTabFilter>
			</items>
		</IconTabBar>
		<Table id="ilaPosIdOrTitleTable" items="{path: 'ilaPosIdTitleModelData>/results'}" includeItemInSelection="true"
			class="tableCls" visible="false" growing="true" growingThreshold="20" growingScrollToLoad="true">
			<columns>
				<Column>
					<Label text="{i18n>posIdColumnLabel}" design="Bold" wrapping="true"/>
				</Column>
				<Column>
					<Label text="{i18n>descColumnLabel}" design="Bold" wrapping="true"/>
				</Column>
				<Column>
					<Label text="{i18n>unionColumnLabel}" design="Bold" wrapping="true"/>
				</Column>
				<Column>
					<!--<VBox>-->
					<!--	<Label text="{i18n>currColumnLabel}" design="Bold"/>-->
						<Label text="{i18n>OccuColumnLabel}" design="Bold" wrapping="true"/>
					<!--</VBox>-->
				</Column>
			</columns>
			<items>
				<ColumnListItem press="onIlaPositionSubmit" type="Active">
					<cells>
						<Text text="{ilaPosIdTitleModelData>PositionId}" class="tableItemsTxtColor"/>
						<Text text="{ilaPosIdTitleModelData>PositionDesc}" class="tableItemsTxtColor"/>
						<Text text="{ilaPosIdTitleModelData>Union}" class="tableItemsTxtColor"/>
						<Text text="{ilaPosIdTitleModelData>CurntOcupnt}" class="tableItemsTxtColor"/>
					</cells>
				</ColumnListItem>
			</items>
		</Table>
		<endButton>
			<Button text="{i18n>cancel}" press="onIlaPosIdCancel" class="clsBtnColorYellowRed"/>
		</endButton>
	</Dialog>
</core:FragmentDefinition>