<core:FragmentDefinition xmlns="sap.m" xmlns:core="sap.ui.core">
	<Dialog id="ilaRosterDialogue" title="{i18n>rosterTitle}" class="sapUiSizeCompact dialog">
		<Toolbar class="toolBarCls">
			<SearchField width="100%" class="sapUiSmallMargin searchFieldCls" liveChange="onIlaRosterLiveChangeSearch" id="dialogueIlaRosterNoDescSearch"
				placeholder="{i18n>rosterNoPlaceHolder}" search="onIlaRosterSearch"/>
		</Toolbar>
		<Table id="ilaRosterNoDescTable" items="{path: 'ilaRosterNoDescModelData>/results'}" includeItemInSelection="true"
			class="tableCls" visible="true" growing="true" growingThreshold="20" growingScrollToLoad="true">
			<columns>
				<Column>
					<Label text="{i18n>rosterNoColumnLabel}" design="Bold" wrapping="true"/>
				</Column>
				<Column>
					<Label text="{i18n>RostdescColumnLabel}" design="Bold" wrapping="true"/>
				</Column>
				<Column>
					<Label text="{i18n>unionColumnLabel}" design="Bold" wrapping="true"/>
				</Column>
			</columns>
			<items>
				<ColumnListItem press="onIlaRosterNoDescSubmit" type="Active">
					<cells>
						<Text text="{ilaRosterNoDescModelData>RosterNo}" class="tableItemsTxtColor"/>
						<Text text="{ilaRosterNoDescModelData>RostDesc}" class="tableItemsTxtColor"/>
						<Text text="{ilaRosterNoDescModelData>Union}" class="tableItemsTxtColor"/>
					</cells>
				</ColumnListItem>
			</items>
		</Table>
		<endButton>
			<Button text="{i18n>cancel}" press="onIlaRosterDialogueCancel" class="clsBtnColorYellowRed"/>
		</endButton>
	</Dialog>
</core:FragmentDefinition>