<core:FragmentDefinition xmlns="sap.m" xmlns:core="sap.ui.core">
	<Dialog id="mechRosterDialogue" title="{i18n>rosterTitle}" class="sapUiSizeCompact dialog">
		<IconTabBar id="idMechRosterIconTabBar" 
			class="clsITBarCls">
			<items>
				<IconTabFilter text="{i18n>rosterNoTabText}" key="Roster Number or Desc">
					<Toolbar class="toolBarCls">
						<SearchField width="100%" class="sapUiSmallMargin searchFieldCls" liveChange="onMechRosterNoDescSearch" id="dialoguMechRosterNoDescSearch1"
							placeholder="{i18n>rosterNoPlaceHolder}" search="onMechRosterSearch"/>
					</Toolbar>
					<Table id="mechRosterNoDescTabTable" items="{path: 'mechRosterNoDescModelData>/results'}" includeItemInSelection="true"
						class="tableCls" visible="true" growing="true" growingThreshold="20" growingScrollToLoad="true">
						<columns>
							<Column>
								<Label text="{i18n>rosterNoColumnLabel}" design="Bold" wrapping="true"/>
							</Column>
							<Column>
								<Label text="{i18n>RostdescColumnLabel}" design="Bold" wrapping="true"/>
							</Column>
							<Column>
								<Label text="{i18n>unionColumnLabel}" design="Bold" wrapping="true"/>
							</Column>
							<Column>
								<Label text="{i18n>craftColumnLabel}" design="Bold" wrapping="true"/>
							</Column>
							<Column>
								<Label text="{i18n>territoryColumnLabel}" design="Bold" wrapping="true"/>
							</Column>
							<Column>
								<Label text="{i18n>cityColumnLabel}" design="Bold" wrapping="true"/>
							</Column>
							<Column>
								<Label text="{i18n>stateColumnLabel}" design="Bold" wrapping="true"/>
							</Column>
						</columns>
						<items>
							<ColumnListItem press="onMechRosterSubmit" type="Active">
								<cells>
									<Text text="{mechRosterNoDescModelData>RosterNo}" class="tableItemsTxtColor"/>
									<Text text="{mechRosterNoDescModelData>RostDesc}" class="tableItemsTxtColor"/>
									<Text text="{mechRosterNoDescModelData>Union}" class="tableItemsTxtColor"/>
									<Text text="{mechRosterNoDescModelData>CraftType}" class="tableItemsTxtColor"/>
									<Text text="{mechRosterNoDescModelData>Territory}" class="tableItemsTxtColor"/>
									<Text text="{mechRosterNoDescModelData>City}" class="tableItemsTxtColor"/>
									<Text text="{mechRosterNoDescModelData>State}" class="tableItemsTxtColor"/>
								</cells>
							</ColumnListItem>
						</items>
					</Table>
				</IconTabFilter>
				<IconTabFilter text="{i18n>unionTabText}" key="{i18n>unionTabText}">
					<Toolbar class="toolBarCls">
						<ComboBox showSecondaryValues="true" items="{path:'mechUnionDropDownData>/results'}" id="mechUnionF4DropDownId1" loadItems="onUnionDropDown"
							selectionChange="onMechUnionSelectionChange2" width="60%" placeholder="{i18n>selUnion}" class="comboCls">
							<core:ListItem key="{mechUnionDropDownData>Description}" text="{mechUnionDropDownData>Value}"
								additionalText="{mechUnionDropDownData>Description}"/>
						</ComboBox>
					</Toolbar>
					<Table id="mechUnionF4TabTable" items="{path: 'mechUnionModelData3>/results'}" includeItemInSelection="true"
						class="tableCls" visible="true" growing="true" growingThreshold="20" growingScrollToLoad="true">
						<columns>
							<Column>
								<Label text="{i18n>rosterNoColumnLabel}" design="Bold" wrapping="true"/>
							</Column>
							<Column>
								<Label text="{i18n>RostdescColumnLabel}" design="Bold" wrapping="true"/>
							</Column>
							<Column>
								<Label text="{i18n>unionColumnLabel}" design="Bold" wrapping="true"/>
							</Column>
							<Column>
								<Label text="{i18n>craftColumnLabel}" design="Bold" wrapping="true"/>
							</Column>
							<Column>
								<Label text="{i18n>territoryColumnLabel}" design="Bold" wrapping="true"/>
							</Column>
							<Column>
								<Label text="{i18n>cityColumnLabel}" design="Bold" wrapping="true"/>
							</Column>
							<Column>
								<Label text="{i18n>stateColumnLabel}" design="Bold" wrapping="true"/>
							</Column>
						</columns>
						<items>
							<ColumnListItem press="onMechRosterSubmit" type="Active">
								<cells>
									<Text text="{mechUnionModelData3>RosterNo}" class="tableItemsTxtColor"/>
									<Text text="{mechUnionModelData3>RostDesc}" class="tableItemsTxtColor"/>
									<Text text="{mechUnionModelData3>Union}" class="tableItemsTxtColor"/>
									<Text text="{mechUnionModelData3>CraftType}" class="tableItemsTxtColor"/>
									<Text text="{mechUnionModelData3>Territory}" class="tableItemsTxtColor"/>
									<Text text="{mechUnionModelData3>City}" class="tableItemsTxtColor"/>
									<Text text="{mechUnionModelData3>State}" class="tableItemsTxtColor"/>
								</cells>
							</ColumnListItem>
						</items>
					</Table>
				</IconTabFilter>
				<IconTabFilter text="{i18n>craftTabText}" key="{i18n>craftTabText}">
					<Toolbar class="toolBarCls">
						<ComboBox showSecondaryValues="true" items="{path:'mechCraftDropDownData>/results'}" id="mechCraftF4DropDown" loadItems="onCraftDropDown"
							selectionChange="onCraftSelectionChange" width="60%" placeholder="{i18n>selCraft}" class="comboCls">
							<core:ListItem key="{mechCraftDropDownData>Description}" text="{mechCraftDropDownData>Value}"
								additionalText="{mechCraftDropDownData>Description}"/>
						</ComboBox>
					</Toolbar>
					<Table id="mechCraftTabTable" items="{path: 'mechCraftModelData>/results'}" includeItemInSelection="true"
						class="tableCls" visible="true" growing="true" growingThreshold="20" growingScrollToLoad="true">
						<columns>
							<Column>
								<Label text="{i18n>rosterNoColumnLabel}" design="Bold" wrapping="true"/>
							</Column>
							<Column>
								<Label text="{i18n>RostdescColumnLabel}" design="Bold" wrapping="true"/>
							</Column>
							<Column>
								<Label text="{i18n>unionColumnLabel}" design="Bold" wrapping="true"/>
							</Column>
							<Column>
								<Label text="{i18n>craftColumnLabel}" design="Bold" wrapping="true"/>
							</Column>
							<Column>
								<Label text="{i18n>territoryColumnLabel}" design="Bold" wrapping="true"/>
							</Column>
							<Column>
								<Label text="{i18n>cityColumnLabel}" design="Bold" wrapping="true"/>
							</Column>
							<Column>
								<Label text="{i18n>stateColumnLabel}" design="Bold" wrapping="true"/>
							</Column>
						</columns>
						<items>
							<ColumnListItem press="onMechRosterSubmit" type="Active">
								<cells>
									<Text text="{mechCraftModelData>RosterNo}" class="tableItemsTxtColor"/>
									<Text text="{mechCraftModelData>RostDesc}" class="tableItemsTxtColor"/>
									<Text text="{mechCraftModelData>Union}" class="tableItemsTxtColor"/>
									<Text text="{mechCraftModelData>CraftType}" class="tableItemsTxtColor"/>
									<Text text="{mechCraftModelData>Territory}" class="tableItemsTxtColor"/>
									<Text text="{mechCraftModelData>City}" class="tableItemsTxtColor"/>
									<Text text="{mechCraftModelData>State}" class="tableItemsTxtColor"/>
								</cells>
							</ColumnListItem>
						</items>
					</Table>
				</IconTabFilter>
				<IconTabFilter text="{i18n>territoryTabText}" key="{i18n>territoryTabText}">
					<Toolbar class="toolBarCls">
						<ComboBox showSecondaryValues="true" items="{path:'mechTerritoryDropDownData>/results'}" id="mechTerritoryF4DropDown"
							loadItems="onTerritoryDropDown" selectionChange="onMechTerritorySelectionChange" class="comboCls" width="60%" placeholder="{i18n>selTerritory}">
							<core:ListItem key="{mechTerritoryDropDownData>Description}" text="{mechTerritoryDropDownData>Value}"
								additionalText="{mechTerritoryDropDownData>Description}"/>
						</ComboBox>
					</Toolbar>
					<Table id="mechTerritoryTabTable" items="{path: 'mechTerritoryModelData>/results'}" includeItemInSelection="true"
						class="tableCls" visible="true" growing="true" growingThreshold="20" growingScrollToLoad="true">
						<columns>
							<Column>
								<Label text="{i18n>rosterNoColumnLabel}" design="Bold" wrapping="true"/>
							</Column>
							<Column>
								<Label text="{i18n>RostdescColumnLabel}" design="Bold" wrapping="true"/>
							</Column>
							<Column>
								<Label text="{i18n>unionColumnLabel}" design="Bold" wrapping="true"/>
							</Column>
							<Column>
								<Label text="{i18n>craftColumnLabel}" design="Bold" wrapping="true"/>
							</Column>
							<Column>
								<Label text="{i18n>territoryColumnLabel}" design="Bold" wrapping="true"/>
							</Column>
							<Column>
								<Label text="{i18n>cityColumnLabel}" design="Bold" wrapping="true"/>
							</Column>
							<Column>
								<Label text="{i18n>stateColumnLabel}" design="Bold" wrapping="true"/>
							</Column>
						</columns>
						<items>
							<ColumnListItem press="onMechRosterSubmit" type="Active">
								<cells>
									<Text text="{mechTerritoryModelData>RosterNo}" class="tableItemsTxtColor"/>
									<Text text="{mechTerritoryModelData>RostDesc}" class="tableItemsTxtColor"/>
									<Text text="{mechTerritoryModelData>Union}" class="tableItemsTxtColor"/>
									<Text text="{mechTerritoryModelData>CraftType}" class="tableItemsTxtColor"/>
									<Text text="{mechTerritoryModelData>Territory}" class="tableItemsTxtColor"/>
									<Text text="{mechTerritoryModelData>City}" class="tableItemsTxtColor"/>
									<Text text="{mechTerritoryModelData>State}" class="tableItemsTxtColor"/>
								</cells>
							</ColumnListItem>
						</items>
					</Table>
				</IconTabFilter>
				<IconTabFilter text="{i18n>cityTabText}" key="{i18n>cityTabText}">
					<Toolbar class="toolBarCls">
						<SearchField width="100%" class="sapUiSmallMargin searchFieldCls" liveChange="onMechCitySearch" id="dialoguMechCitySearch"
							placeholder="{i18n>cityPlaceHolder}" search="onMechRosterSearch"/>
					</Toolbar>
					<Table id="mechCityTabTable" items="{path: 'mechRosterCityModelData>/results'}" includeItemInSelection="true"
						class="tableCls" visible="true" growing="true" growingThreshold="20" growingScrollToLoad="true">
						<columns>
							<Column>
								<Label text="{i18n>rosterNoColumnLabel}" design="Bold" wrapping="true"/>
							</Column>
							<Column>
								<Label text="{i18n>RostdescColumnLabel}" design="Bold" wrapping="true"/>
							</Column>
							<Column>
								<Label text="{i18n>unionColumnLabel}" design="Bold" wrapping="true"/>
							</Column>
							<Column>
								<Label text="{i18n>craftColumnLabel}" design="Bold" wrapping="true"/>
							</Column>
							<Column>
								<Label text="{i18n>territoryColumnLabel}" design="Bold" wrapping="true"/>
							</Column>
							<Column>
								<Label text="{i18n>cityColumnLabel}" design="Bold" wrapping="true"/>
							</Column>
							<Column>
								<Label text="{i18n>stateColumnLabel}" design="Bold" wrapping="true"/>
							</Column>
						</columns>
						<items>
							<ColumnListItem press="onMechRosterSubmit" type="Active">
								<cells>
									<Text text="{mechRosterCityModelData>RosterNo}" class="tableItemsTxtColor"/>
									<Text text="{mechRosterCityModelData>RostDesc}" class="tableItemsTxtColor"/>
									<Text text="{mechRosterCityModelData>Union}" class="tableItemsTxtColor"/>
									<Text text="{mechRosterCityModelData>CraftType}" class="tableItemsTxtColor"/>
									<Text text="{mechRosterCityModelData>Territory}" class="tableItemsTxtColor"/>
									<Text text="{mechRosterCityModelData>City}" class="tableItemsTxtColor"/>
									<Text text="{mechRosterCityModelData>State}" class="tableItemsTxtColor"/>
								</cells>
							</ColumnListItem>
						</items>
					</Table>
				</IconTabFilter>
				<IconTabFilter text="{i18n>stateTabText}" key="{i18n>stateTabText}">
					<Toolbar class="toolBarCls">
						<ComboBox showSecondaryValues="true" items="{path:'mechStateDropDownData>/results'}" id="mechStateDropDown" loadItems="onStateDropDown"
							selectionChange="onMechStateSelectionChange" width="60%" placeholder="{i18n>selState}" class="comboCls">
							<core:ListItem key="{mechStateDropDownData>Description}" text="{mechStateDropDownData>Value}"
								additionalText="{mechStateDropDownData>Description}"/>
						</ComboBox>
					</Toolbar>
					<Table id="mechStateTabTable" items="{path: 'mechStateModelData>/results'}" includeItemInSelection="true"
						class="tableCls" visible="true" growing="true" growingThreshold="20" growingScrollToLoad="true">
						<columns>
							<Column>
								<Label text="{i18n>rosterNoColumnLabel}" design="Bold" wrapping="true"/>
							</Column>
							<Column>
								<Label text="{i18n>RostdescColumnLabel}" design="Bold" wrapping="true"/>
							</Column>
							<Column>
								<Label text="{i18n>unionColumnLabel}" design="Bold" wrapping="true"/>
							</Column>
							<Column>
								<Label text="{i18n>craftColumnLabel}" design="Bold" wrapping="true"/>
							</Column>
							<Column>
								<Label text="{i18n>territoryColumnLabel}" design="Bold" wrapping="true"/>
							</Column>
							<Column>
								<Label text="{i18n>cityColumnLabel}" design="Bold" wrapping="true"/>
							</Column>
							<Column>
								<Label text="{i18n>stateColumnLabel}" design="Bold" wrapping="true"/>
							</Column>
						</columns>
						<items>
							<ColumnListItem press="onMechRosterSubmit" type="Active">
								<cells>
									<Text text="{mechStateModelData>RosterNo}" class="tableItemsTxtColor"/>
									<Text text="{mechStateModelData>RostDesc}" class="tableItemsTxtColor"/>
									<Text text="{mechStateModelData>Union}" class="tableItemsTxtColor"/>
									<Text text="{mechStateModelData>CraftType}" class="tableItemsTxtColor"/>
									<Text text="{mechStateModelData>Territory}" class="tableItemsTxtColor"/>
									<Text text="{mechStateModelData>City}" class="tableItemsTxtColor"/>
									<Text text="{mechStateModelData>State}" class="tableItemsTxtColor"/>
								</cells>
							</ColumnListItem>
						</items>
					</Table>
				</IconTabFilter>
			</items>
		</IconTabBar>
		<endButton>
			<Button text="{i18n>cancel}" press="onMechRosterDialogueCancel" class="clsBtnColorYellowRed"/>
		</endButton>
	</Dialog>
</core:FragmentDefinition>