<core:FragmentDefinition xmlns="sap.m" xmlns:l="sap.ui.layout" xmlns:f="sap.ui.layout.form" xmlns:core="sap.ui.core">
	<VBox>
		<Panel class="DatesPanel">
			<f:SimpleForm id="mdatesForm" editable="true" layout="ResponsiveGridLayout" labelSpanXL="4" labelSpanL="4" labelSpanM="4" labelSpanS="1"
				adjustLabelSpan="false" emptySpanXL="2" emptySpanL="2" emptySpanM="2" emptySpanS="0" columnsXL="3" columnsL="3" columnsM="3"
				singleContainerFullSize="false" class="FormTitleHeight">
				<f:content>
					<core:Title text=""></core:Title>
					<Label text="{i18n>EffDateLabel}" design="Bold" class="labelCls"/>
					<DatePicker width="100%" id="dispMechStartDate" value="{StartDate}" displayFormat="MM/dd/yyyy" placeholder="MM/DD/YYYY"
						valueFormat="yyyyMMdd" change="onDateSelection" editable="false" class="datePickerCls"/>
					<core:Title text=""></core:Title>
					<Label text="{i18n>EndDateLabel}" design="Bold" class="labelCls"/>
					<DatePicker width="100%" value="{EndDate}" id="dispMechEndDate" displayFormat="MM/dd/yyyy" placeholder="MM/DD/YYYY" valueFormat="yyyyMMdd"
						change="onDateSelection" editable="false" class="datePickerCls"/>
					<core:Title text=""></core:Title>
					<Label text="Current Occupant" design="Bold" class="labelCls"/>
					<!--<Text text="{EmpId}-{EmpName}"></Text>-->
					<Text text="{EmpId} {= ${EmpName} === '' ? ' ' : '-' } {EmpName}"></Text>
				</f:content>
			</f:SimpleForm>
		</Panel>
		<f:SimpleForm id="PositionMechDispFormId" editable="true" layout="ResponsiveGridLayout" labelSpanXL="5" labelSpanL="5" labelSpanM="5"
			labelSpanS="1" adjustLabelSpan="false" emptySpanXL="1" emptySpanL="1" emptySpanM="1" emptySpanS="0" columnsXL="3" columnsL="3" columnsM="3"
			singleContainerFullSize="false" class="FormTitleHeight">
			<f:content>
				<core:Title text=""></core:Title>
				<Label visible="false" text="{i18n>posIdLabel}" design="Bold" class="labelCls"/>
				<Input visible="false" width="100%" showValueHelp="true" value="{PosId}" editable="false" id="dispMechPosId" class="valueHelpCls"></Input>
				<Label text="{i18n>posTitleLabel}" design="Bold" class="labelCls" visible="false"/>
				<Input visible="false" width="100%" value="{PosDesc}" showValueHelp="false" id="dispMechPosTitleId" editable="false"/>
				<Label text="{i18n>union}" design="Bold" class="labelCls"/>
				<Input width="100%" value="{Union}" showValueHelp="true" id="dispMechUnionCodeId" editable="false"></Input>
				<Label text="{i18n>jpLabel}" design="Bold" class="labelCls"/>
				<Input width="100%" value="{JPId}" showValueHelp="false" id="dispMechJpId" editable="false"/>
				<Label text="{i18n>clonedFromLabel}" design="Bold" class="labelCls"/>
				<Input width="100%" value="{SourcePos}" showValueHelp="false" id="dispMechPosSourcePosId" editable="false"/>
				<!--<Label text="JP ID" design="Bold" class="textColor"/>
				<Input width="100%" value="{JPId}" showValueHelp="false" id="dispMechJpId" editable="false"/>-->
				<Label text="{i18n>currentBulletinNoLabel}" design="Bold" class="labelCls"/>
				<Input width="100%" value="{BullNo}" showValueHelp="false" id="dispMechBulletinNoId" editable="false"/>
				<!--<Label text="Effective Date" design="Bold" class="textColor"/>
				<DatePicker width="100%" id="dispMechStartDate" value="{StartDate}" displayFormat="MM/dd/yyyy" placeholder="MM/DD/YYYY"
					valueFormat="yyyyMMdd" change="onDateSelection" editable="false"/>-->
				<Label visible="false" text="{i18n>totalRateLabel}" design="Bold" class="labelCls"/>
				<Input visible="false" width="100%" value="{TotRate}" showValueHelp="true" id="dispMechTotalRateId" editable="false" class="valueHelpCls"></Input>
				<Label visible="false" text="{i18n>prorataRateLabel}" design="Bold" class="labelCls"/>
				<Input visible="false" width="100%" value="{ProRate}" showValueHelp="false" id="dispMechProrataId" editable="false"/>
				<Label text="{i18n>craftColumnLabel}" design="Bold" class="labelCls"/>
				<ComboBox value="{Craft}" placeholder="Select City" class="comboCls" id="dispMechCraftId" width="100%" showSecondaryValues="true"
					change="onComboSelection" enabled="false"></ComboBox>
				<Label text=""/>
				<Text text="{CraftDesc}"/>
				<Label text="{i18n>territoryColumnLabel}" design="Bold" class="labelCls"/>
				<ComboBox value="{Territory}" placeholder="Select City" class="comboCls" id="dispMechTerritoryId" width="100%" showSecondaryValues="true"
					change="onComboSelection" enabled="false"></ComboBox>
				<Label text=""/>
				<Text text="{Territory}"/>
				<!--<Label text="Prorata Rate" design="Bold" class="textColor"/>
				<Input width="100%" value="{ProRate}" showValueHelp="false" id="dispMechProrataId" editable="false"/>-->
				<Label text="{i18n>posTypeLabel}" design="Bold" class="labelCls"/>
				<ComboBox value="{PosTypeDesc}" id="dispMechPosTypeId" class="comboCls" width="100%" showSecondaryValues="true" change="onComboSelection"
					enabled="false"></ComboBox>
				<!--<Label text="Craft" design="Bold" class="textColor"/>
				<ComboBox value="{Craft}" placeholder="Select City" id="dispMechCraftId" width="100%" showSecondaryValues="true" change="onComboSelection"
					editable="false"></ComboBox>-->
				<!--<Label text="HOS Status" design="Bold" class="textColor"/>
				<ComboBox value="{HosStatus}" selectedKey="{HosStatus}" items="{mModel>/HosStatusSearchHelpSet}" id="dispMechHosStatusId" width="75%"
					showSecondaryValues="true" change="onChange" editable="false">
					<core:ListItem text="{mModel>HosStatus}" key="{mModel>HosStatus}"></core:ListItem>
				</ComboBox>-->
				<!--Column2-->
				<Label text="{i18n>reportsToLabel}" design="Bold" class="labelCls"/>
				<Input width="100%" value="{AssignSupEmp} {= ${AssignSupEmpName} === '' ? ' ' : '-' } {AssignSupEmpName}" showValueHelp="false"
					id="MechAssSup" editable="false"/>
				<Label text="" design="Bold" class="labelCls"/>
				<Input width="100%" value="{ADE} {= ${ADEName} === '' ? ' ' : '-' } {ADEName}" showValueHelp="false" id="MechAde" editable="false"/>
				<Label text="" design="Bold" class="labelCls"/>
				<Input width="100%" value="{DE} {= ${DEName} === '' ? ' ' : '-' } {DEName}" showValueHelp="false" id="MechDe" editable="false"/>
				<Label text="" design="Bold" class="labelCls"/>
				<Input width="100%" value="{CE} {= ${CEName} === '' ? ' ' : '-' } {CEName}" showValueHelp="false" id="MechCe" editable="false"/>
				<core:Title text=""></core:Title>
				<!--<Label text="Position Title" design="Bold" class="textColor"/>
				<Input width="100%" value="{PosDesc}" showValueHelp="false" id="dispMechPosTitleId" editable="false"/>-->
				<!--<Label text="Agreement Code" design="Bold" class="textColor"/>-->
				<!--<ComboBox value="{AggCode}" id="dispMechAgreementId" width="100%" showSecondaryValues="true" change="onComboSelection" editable="false"></ComboBox>-->
				<Label text="{i18n>workScheduleCodeLabel}" design="Bold" class="labelCls"/>
				<ComboBox value="{WorkSch}" id="dispMechWorkSchId" class="comboCls" width="100%" showSecondaryValues="true" change="onComboSelection"
					enabled="false"></ComboBox>
				<Label text="{i18n>hoursLabel}" design="Bold" class="labelCls"/>
				<Input width="100%" value="{Shifts}" showValueHelp="false" id="mechShiftTimings" editable="false"></Input>
				<Label text="{i18n>resrDaysLabel}" design="Bold" class="labelCls"/>
				<Input width="100%" value="{RestDays}" showValueHelp="false" id="mechResetDays" editable="false"></Input>
				<Label text="{i18n>mealPeriodLabel}" design="Bold" class="labelCls"/>
				<Input width="100%" value="{BreakDuration}" showValueHelp="false" id="mechBreakPeriods" editable="false"></Input>
				<Label text="{i18n>mondayLabel}" design="Bold" class="labelCls"/>
				<Input width="100%" value="{Monday}" showValueHelp="false" id="mechMondayDays" editable="false"></Input>
				<Label text="{i18n>tuesdayLabel}" design="Bold" class="labelCls"/>
				<Input width="100%" value="{Tuesday}" showValueHelp="false" id="mechTuesdayDays" editable="false"></Input>
				<Label text="{i18n>wednesdayLabel}" design="Bold" class="labelCls"/>
				<Input width="100%" value="{Wednesday}" showValueHelp="false" id="mechWednesdayDays" editable="false"></Input>
				<Label text="{i18n>thursdayLabel}" design="Bold" class="labelCls"/>
				<Input width="100%" value="{Thursday}" showValueHelp="false" id="mechThursdayDays" editable="false"></Input>
				<Label text="{i18n>fridayLabel}" design="Bold" class="labelCls"/>
				<Input width="100%" value="{Friday}" showValueHelp="false" id="mechFridayDays" editable="false"></Input>
				<Label text="{i18n>saturdayLabel}" design="Bold" class="labelCls"/>
				<Input width="100%" value="{Saturday}" showValueHelp="false" id="mechSaturdayDays" editable="false"></Input>
				<Label text="{i18n>sundayLabel}" design="Bold" class="labelCls"/>
				<Input width="100%" value="{Sunday}" showValueHelp="false" id="mechSundayDays" editable="false"></Input>
				<Label text="{i18n>skillDifferentialLabel}" design="Bold" class="labelCls"/>
				<!--<CheckBox id="payskillDiffId" editable="false" selected="{parts:[{path:'SkillDiff'}], formatter:'.checkBoxFormatter'}" width="100%"-->
				<!--	select="onPaySkillDiffSelect"></CheckBox>-->
				<ComboBox value="{SkillDiffDesc}" selectedKey="{SkillDiff}" id="mechpayskillDiffId" width="100%" showSecondaryValues="true"
					selectionChange="onSkillDiffChange" filterSecondaryValues="true" enabled="false" items="{SkillDiffSuggModel>/results}" class="comboCls">
					<core:ListItem key="{SkillDiffSuggModel>SkillDiffKey}" text="{SkillDiffSuggModel>SkillDiffValue}"
						additionalText="{SkillDiffSuggModel>SkillDiffKey}"></core:ListItem>
				</ComboBox>
				<Label text="{i18n>agreementCodeLabel}" design="Bold" class="labelCls" visible="false"/>
				<ComboBox visible="false" value="{AggCode}" id="dispMechAgreementId" width="100%" showSecondaryValues="true" change="onComboSelection"
					enabled="false" class="comboCls"></ComboBox>
				<!--<Label text="No Bid" design="Bold" class="textColor"/>
				<CheckBox id="dispMechNoBidId" editable="false" selected="{parts:[{path:'NoBid'}], formatter:'.checkBoxFormatter'}"></CheckBox>-->
				<!--<Label text="Training Ind" design="Bold" class="textColor"/>
				<CheckBox id="dispMechPosTrainingId" editable="false" selected="{parts:[{path:'TrainingInd'}], formatter:'.checkBoxFormatter'}"></CheckBox>-->
				<!--Column3-->
				<core:Title text=""></core:Title>
				<Label text="{i18n>rosterLabel}" design="Bold" class="labelCls"/>
				<Input width="100%" showValueHelp="true" value="{RosterNo}" id="dispMechRosterId" editable="false" class="valueHelpCls"></Input>
				<Label text=""></Label>
				<Text text="{RostDesc}" id="chngRostDesc"></Text>
				<Label text="{i18n>priorRightsRosterLabel}" design="Bold" class="labelCls"/>
				<!--<Input id="changeEngRosterNumId" value="{RosterNo}" width="100%" change="onEngRosterNoChange" showValueHelp="true" showSuggestion="true" editable="true"></Input>-->
				<Input width="100%" value="{PriorRightsRosterNo}" id="MechPRosterNumId" change="onEngRosterNoChange" showValueHelp="true" editable="false"
					valueHelpRequest="onRosterNumberValueHelp" class="valueHelpCls"></Input>
				<Label text=""></Label>
				<Text text="{PriorRightsRostDesc}"></Text>
				<Label text="{i18n>priorRightsDateLabel}" design="Bold" class="labelCls"/>
				<DatePicker width="100%" id="MechPrDate" value="{PriorRightsDate}" displayFormat="MM/dd/yyyy" placeholder="MM/DD/YYYY"
					valueFormat="yyyyMMdd" editable="false" class="datePickerCls"/>
				<!--<Label text="HOS Status" design="Bold" class="textColor"/>-->
				<!--<ComboBox value="{HosStatusDesc}" selectedKey="{HosStatus}" items="{mModel>/HosStatusSearchHelpSet}" id="dispMechHosStatusId" width="100%"-->
				<!--	showSecondaryValues="true" change="onChange" editable="false">-->
				<!--	<core:ListItem text="{mModel>HosStatus}" key="{mModel>HosStatus}"></core:ListItem>-->
				<!--</ComboBox>-->
				<Label text="{i18n>bulletinCommentsLabel}" design="Bold" class="labelCls"/>
				<TextArea rows="3" cols="40" width="100%" value="{BullComm}" id="dispMechBulletinCommId" editable="false"/>
				<Label text="{i18n>intCommentsLabel}" design="Bold" class="labelCls"/>
				<TextArea rows="3" cols="40" width="100%" value="{IntComm}" id="dispMechintCommId" editable="false"/>
				<Label text="{i18n>PayrollGrouping}" design="Bold" class="labelCls" visible="true"/>
				<Input visible="true" id="MecPayrollGrouping" value="{Selpaygroup}" width="100%" enabled="false"></Input>
				<Label text="{i18n>noBidLabel}" design="Bold" class="labelCls" visible="false"/>
				<CheckBox visible="false" id="dispMechNoBidId" editable="false" selected="{parts:[{path:'NoBid'}], formatter:'.checkBoxFormatter'}"
					class="checkBoxCls"></CheckBox>
				<Label text="{i18n>obsoleteLabel}" design="Bold" class="labelCls"/>
				<CheckBox id="mObsolete" editable="false" selected="{parts:[{path:'ObsFlag'}], formatter:'.checkBoxFormatter'}" class="checkBoxCls"></CheckBox>
				<!--<Input width="100%" value="{BullComm}" showValueHelp="false" id="dispMechBulletinCommId" editable="false"/>-->
			</f:content>
		</f:SimpleForm>
	</VBox>
</core:FragmentDefinition>