<core:FragmentDefinition xmlns="sap.m" xmlns:core="sap.ui.core">
	<Dialog id="mechPosIdDialogue" title="{i18n>positionIdLabel}" class="sapUiSizeCompact dialog dialogWidthCls">
		<IconTabBar id="idMechPosIconTabBar" select="handleIconTabBarSelect" class="clsITBarCls">
			<items>
				<IconTabFilter text="{i18n>posIdTabText}" key="{i18n>posIdTabText}">
					<Toolbar class="toolBarCls">
						<SearchField width="100%" class="searchFieldCls" liveChange="onMechPosIdOrTitleSearch" id="dialoguMechPosIdOrTitleSearch"
							placeholder="{i18n>posIdPlaceHolder}" search="onMechPosSearch"/>
					</Toolbar>
					<Table id="mechPosIdOrTitleTabTable" items="{path: 'mechPosIdTitleModelData>/results'}" includeItemInSelection="true"
						class="tableCls" visible="false" growing="true" growingThreshold="20" growingScrollToLoad="true">
						<columns>
							<Column>
								<Label text="{i18n>posIdColumnLabel}" design="Bold" wrapping="true"/>
							</Column>
							<Column>
								<Label text="{i18n>descColumnLabel}" design="Bold" wrapping="true"/>
							</Column>
							<Column >
								<Label text="{i18n>unionColumnLabel}" design="Bold" wrapping="true"/>
							</Column>
							<Column>
								<Label text="{i18n>areaColumnLabel}" design="Bold" wrapping="true"/>
							</Column>
							<Column>
								<Label text="{i18n>craftColumnLabel}" design="Bold" wrapping="true"/>
							</Column>
							<Column>
								<Label text="{i18n>territoryColumnLabel}" design="Bold" wrapping="true"/>
							</Column>
							<Column visible="false">
								<Label text="{i18n>yardColumnLabel}" design="Bold" wrapping="true"/>
							</Column>
							<!--<Column width="19%">-->
							<!--	<Label text="{i18n>locChairmanColumnLabel}" design="Bold"/>-->
							<!--</Column>-->
							<Column>
								<!--<VBox>-->
								<!--	<Label text="{i18n>currColumnLabel}" design="Bold"/>-->
									<Label text="{i18n>OccuColumnLabel}" design="Bold" wrapping="true"/>
								<!--</VBox>-->
							</Column>
						</columns>
						<items>
							<ColumnListItem press="onPositionSubmit" type="Active">
								<cells>
									<Text text="{mechPosIdTitleModelData>PositionId}" class="tableItemsTxtColor"/>
									<Text text="{mechPosIdTitleModelData>PositionDesc}" class="tableItemsTxtColor"/>
									<Text text="{mechPosIdTitleModelData>Union}" class="tableItemsTxtColor"/>
									<Text text="{mechPosIdTitleModelData>Area}" class="tableItemsTxtColor"/>
									<Text text="{mechPosIdTitleModelData>Craft}" class="tableItemsTxtColor"/>
									<Text text="{mechPosIdTitleModelData>Territory}" class="tableItemsTxtColor"/>
									<Text text="{mechPosIdTitleModelData>Yard}" class="tableItemsTxtColor"/>
									<!--<Text text="{mechPosIdTitleModelData>Local_Chairman}"/>-->
									<Text text="{mechPosIdTitleModelData>CurntOcupnt}" class="tableItemsTxtColor"/>
								</cells>
							</ColumnListItem>
						</items>
					</Table>
				</IconTabFilter>
				<IconTabFilter text="{i18n>unionTabText}" key="{i18n>unionTabText}">
					<Toolbar class="toolBarCls">
						<ComboBox showSecondaryValues="true" items="{path:'mechUnionDropDownModelData>/results'}" id="mechUnionF4DropDownId"
							loadItems="onUnionDropDown1" class="comboCls" selectionChange="onMechUnionSelectionChange1" width="60%" placeholder="{i18n>selUnion}">
							<core:ListItem key="{mechUnionDropDownModelData>Description}" text="{mechUnionDropDownModelData>Value}"
								additionalText="{mechUnionDropDownModelData>Description}"/>
						</ComboBox>
					</Toolbar>
					<Table id="mechUnionF4TabTable1" items="{path: 'mechUnionModelData>/results'}" includeItemInSelection="true"
						class="tableCls" visible="false" growing="true" growingThreshold="20" growingScrollToLoad="true">
						<columns>
							<Column>
								<Label text="{i18n>posIdColumnLabel}" design="Bold" wrapping="true"/>
							</Column>
							<Column>
								<Label text="{i18n>descColumnLabel}" design="Bold" wrapping="true"/>
							</Column>
							<Column>
								<Label text="{i18n>unionColumnLabel}" design="Bold" wrapping="true"/>
							</Column>
							<Column >
								<Label text="{i18n>areaColumnLabel}" design="Bold" wrapping="true"/>
							</Column>
							<Column>
								<Label text="{i18n>craftColumnLabel}" design="Bold" wrapping="true"/>
							</Column>
							<Column>
								<Label text="{i18n>territoryColumnLabel}" design="Bold" wrapping="true"/>
							</Column>
							<Column visible="false">
								<Label text="{i18n>yardColumnLabel}" design="Bold" wrapping="true"/>
							</Column>
							<!--<Column width="19%">-->
							<!--	<Label text="{i18n>locChairmanColumnLabel}" design="Bold"/>-->
							<!--</Column>-->
							<Column>
								<!--<VBox>-->
								<!--	<Label text="{i18n>currColumnLabel}" design="Bold"/>-->
									<Label text="{i18n>OccuColumnLabel}" design="Bold" wrapping="true"/>
								<!--</VBox>-->
							</Column>
						</columns>
						<items>
							<ColumnListItem press="onPositionSubmit" type="Active">
								<cells>
									<Text text="{mechUnionModelData>PositionId}" class="tableItemsTxtColor"/>
									<Text text="{mechUnionModelData>PositionDesc}" class="tableItemsTxtColor"/>
									<Text text="{mechUnionModelData>Union}" class="tableItemsTxtColor"/>
									<Text text="{mechUnionModelData>Area}" class="tableItemsTxtColor"/>
									<Text text="{mechUnionModelData>Craft}" class="tableItemsTxtColor"/>
									<Text text="{mechUnionModelData>Territory}" class="tableItemsTxtColor"/>
									<Text text="{mechUnionModelData>Yard}" class="tableItemsTxtColor"/>
									<!--<Text text="{mechUnionModelData>Local_Chairman}"/>-->
									<Text text="{mechUnionModelData>CurntOcupnt}" class="tableItemsTxtColor"/>
								</cells>
							</ColumnListItem>
						</items>
					</Table>
				</IconTabFilter>
				<IconTabFilter text="{i18n>areaTabText}" key="{i18n>areaTabText}">
					<Toolbar class="toolBarCls">
						<ComboBox showSecondaryValues="true" items="{path:'mechAreaDropDownModelData>/results'}" id="mechAreaDropDown" loadItems="onAreaDropDown"
							selectionChange="onAreaSelectionChange" width="60%" placeholder="{i18n>selArea}" class="comboCls">
							<core:ListItem key="{mechAreaDropDownModelData>Description}" text="{mechAreaDropDownModelData>Value}"
								additionalText="{mechAreaDropDownModelData>Description}"/>
						</ComboBox>
					</Toolbar>
					<Table id="mechPosAreaTabTable" items="{path: 'mechPosAreaModelData>/results'}" includeItemInSelection="true"
						class="tableCls" visible="false" growing="true" growingThreshold="20" growingScrollToLoad="true">
						<columns>
							<Column>
								<Label text="{i18n>posIdColumnLabel}" design="Bold" wrapping="true"/>
							</Column>
							<Column>
								<Label text="{i18n>descColumnLabel}" design="Bold" wrapping="true"/>
							</Column>
							<Column>
								<Label text="{i18n>unionColumnLabel}" design="Bold" wrapping="true"/>
							</Column>
							<Column>
								<Label text="{i18n>areaColumnLabel}" design="Bold" wrapping="true"/>
							</Column>
							<Column>
								<Label text="{i18n>craftColumnLabel}" design="Bold" wrapping="true"/>
							</Column>
							<Column>
								<Label text="{i18n>territoryColumnLabel}" design="Bold" wrapping="true"/>
							</Column>
							<Column visible="false">
								<Label text="{i18n>yardColumnLabel}" design="Bold" wrapping="true"/>
							</Column>
							<!--<Column width="19%">-->
							<!--	<Label text="{i18n>locChairmanColumnLabel}" design="Bold"/>-->
							<!--</Column>-->
							<Column>
								<!--<VBox>-->
								<!--	<Label text="{i18n>currColumnLabel}" design="Bold"/>-->
									<Label text="{i18n>OccuColumnLabel}" design="Bold" wrapping="true"/>
								<!--</VBox>-->
							</Column>
						</columns>
						<items>
							<ColumnListItem press="onPositionSubmit" type="Active">
								<cells>
									<Text text="{mechPosAreaModelData>PositionId}" class="tableItemsTxtColor"/>
									<Text text="{mechPosAreaModelData>PositionDesc}" class="tableItemsTxtColor"/>
									<Text text="{mechPosAreaModelData>Union}" class="tableItemsTxtColor"/>
									<Text text="{mechPosAreaModelData>Area}" class="tableItemsTxtColor"/>
									<Text text="{mechPosAreaModelData>Craft}" class="tableItemsTxtColor"/>
									<Text text="{mechPosAreaModelData>Territory}" class="tableItemsTxtColor"/>
									<Text text="{mechPosAreaModelData>Yard}" class="tableItemsTxtColor"/>
									<!--<Text text="{mechPosAreaModelData>Local_Chairman}"/>-->
									<Text text="{mechPosAreaModelData>CurntOcupnt}" class="tableItemsTxtColor"/>
								</cells>
							</ColumnListItem>
						</items>
					</Table>
				</IconTabFilter>
				<IconTabFilter text="{i18n>craftTabText}" key="{i18n>craftTabText}">
					<Toolbar class="toolBarCls">
						<!--<SearchField width="100%" class="sapUiSmallMargin searchFieldCls" liveChange="onMechPosCraftSearch" id="dialoguMechPosCraftSearch"-->
						<!--	placeholder="{i18n>craftSrchPlaceHolder}" search="onMechPosSearch"/>-->
						<ComboBox showSecondaryValues="true" items="{path:'mechCraftModelData>/results'}" id="mechCraftDropDown" loadItems="onCraftDropDown1"
							selectionChange="onCraftSelectionChange1" width="60%" placeholder="{i18n>selCraft}" class="comboCls">
							<core:ListItem key="{mechCraftModelData>Description}" text="{mechCraftModelData>Value}" additionalText="{mechCraftModelData>Description}"/>
						</ComboBox>
					</Toolbar>
					<Table id="mechPosCraftTabTable" items="{path: 'mechPosCraftModelData>/results'}" includeItemInSelection="true"
						class="tableCls" visible="false" growing="true" growingThreshold="20" growingScrollToLoad="true">
						<columns>
							<Column>
								<Label text="{i18n>posIdColumnLabel}" design="Bold" wrapping="true"/>
							</Column>
							<Column>
								<Label text="{i18n>descColumnLabel}" design="Bold" wrapping="true"/>
							</Column>
							<Column>
								<Label text="{i18n>unionColumnLabel}" design="Bold" wrapping="true"/>
							</Column>
							<Column>
								<Label text="{i18n>areaColumnLabel}" design="Bold" wrapping="true"/>
							</Column>
							<Column>
								<Label text="{i18n>craftColumnLabel}" design="Bold" wrapping="true"/>
							</Column>
							<Column>
								<Label text="{i18n>territoryColumnLabel}" design="Bold" wrapping="true"/>
							</Column>
							<Column visible="false">
								<Label text="{i18n>yardColumnLabel}" design="Bold" wrapping="true"/>
							</Column>
							<!--<Column width="19%">-->
							<!--	<Label text="{i18n>locChairmanColumnLabel}" design="Bold"/>-->
							<!--</Column>-->
							<Column>
								<!--<VBox>-->
								<!--	<Label text="{i18n>currColumnLabel}" design="Bold"/>-->
									<Label text="{i18n>OccuColumnLabel}" design="Bold" wrapping="true"/>
								<!--</VBox>-->
							</Column>
						</columns>
						<items>
							<ColumnListItem press="onPositionSubmit" type="Active">
								<cells>
									<Text text="{mechPosCraftModelData>PositionId}" class="tableItemsTxtColor"/>
									<Text text="{mechPosCraftModelData>PositionDesc}" class="tableItemsTxtColor"/>
									<Text text="{mechPosCraftModelData>Union}" class="tableItemsTxtColor"/>
									<Text text="{mechPosCraftModelData>Area}" class="tableItemsTxtColor"/>
									<Text text="{mechPosCraftModelData>Craft}" class="tableItemsTxtColor"/>
									<Text text="{mechPosCraftModelData>Territory}" class="tableItemsTxtColor"/>
									<Text text="{mechPosCraftModelData>Yard}" class="tableItemsTxtColor"/>
									<!--<Text text="{mechPosCraftModelData>Local_Chairman}"/>-->
									<Text text="{mechPosCraftModelData>CurntOcupnt}" class="tableItemsTxtColor"/>
								</cells>
							</ColumnListItem>
						</items>
					</Table>
				</IconTabFilter>
				<IconTabFilter text="{i18n>territoryTabText}" key="{i18n>territoryTabText}">
					<Toolbar class="toolBarCls">
						<!--<SearchField width="100%" class="sapUiSmallMargin searchFieldCls" liveChange="onMechPosTerritorySearch" id="dialoguMechPosTerritorySearch"-->
						<!--	placeholder="{i18n>posTerritorySrchPlaceHolder}" search="onMechPosSearch"/>-->
						<ComboBox showSecondaryValues="true" items="{path:'mechTerritoryModelData>/results'}" id="mechTerritoryDropDown"
							loadItems="onTerritoryDropDown1" selectionChange="onMechTerritorySelectionChange2" class="comboCls" width="60%" placeholder="{i18n>selTerritory}">
							<core:ListItem key="{mechTerritoryModelData>Description}" text="{mechTerritoryModelData>Value}"
								additionalText="{mechTerritoryModelData>Description}"/>
						</ComboBox>
					</Toolbar>
					<Table id="mechPosTerritoryTabTable" items="{path: 'mechPosTerritoryModelData>/results'}" includeItemInSelection="true"
						class="tableCls" visible="false" growing="true" growingThreshold="20" growingScrollToLoad="true">
						<columns>
							<Column>
								<Label text="{i18n>posIdColumnLabel}" design="Bold" wrapping="true"/>
							</Column>
							<Column>
								<Label text="{i18n>descColumnLabel}" design="Bold" wrapping="true"/>
							</Column>
							<Column>
								<Label text="{i18n>unionColumnLabel}" design="Bold" wrapping="true"/>
							</Column>
							<Column>
								<Label text="{i18n>areaColumnLabel}" design="Bold" wrapping="true"/>
							</Column>
							<Column>
								<Label text="{i18n>craftColumnLabel}" design="Bold" wrapping="true"/>
							</Column>
							<Column>
								<Label text="{i18n>territoryColumnLabel}" design="Bold" wrapping="true"/>
							</Column>
							<Column visible="false">
								<Label text="{i18n>yardColumnLabel}" design="Bold" wrapping="true"/>
							</Column>
							<!--<Column width="19%">-->
							<!--	<Label text="{i18n>locChairmanColumnLabel}" design="Bold"/>-->
							<!--</Column>-->
							<Column>
								<!--<VBox>-->
								<!--	<Label text="{i18n>currColumnLabel}" design="Bold"/>-->
									<Label text="{i18n>OccuColumnLabel}" design="Bold" wrapping="true"/>
								<!--</VBox>-->
							</Column>
						</columns>
						<items>
							<ColumnListItem press="onPositionSubmit" type="Active">
								<cells>
									<Text text="{mechPosTerritoryModelData>PositionId}" class="tableItemsTxtColor"/>
									<Text text="{mechPosTerritoryModelData>PositionDesc}" class="tableItemsTxtColor"/>
									<Text text="{mechPosTerritoryModelData>Union}" class="tableItemsTxtColor"/>
									<Text text="{mechPosTerritoryModelData>Area}" class="tableItemsTxtColor"/>
									<Text text="{mechPosTerritoryModelData>Craft}" class="tableItemsTxtColor"/>
									<Text text="{mechPosTerritoryModelData>Territory}" class="tableItemsTxtColor"/>
									<Text text="{mechPosTerritoryModelData>Yard}" class="tableItemsTxtColor"/>
									<!--<Text text="{mechPosTerritoryModelData>Local_Chairman}"/>-->
									<Text text="{mechPosTerritoryModelData>CurntOcupnt}" class="tableItemsTxtColor"/>
								</cells>
							</ColumnListItem>
						</items>
					</Table>
				</IconTabFilter>
				<IconTabFilter id="mechPosEmpIconTab" text="{i18n>empTabText}" key="{i18n>empTabText}">
					<Toolbar class="toolBarCls">
						<!--<ComboBox showSecondaryValues="true" items="{path:'TCUDeskSuggDropdown>/results'}" id="dialoguTcuPosEmpSearch"-->
						<!--	loadItems="onTcuDeptDropDown1" selectionChange="onTcuPosSearch" width="60%" placeholder="{i18n>deskSrchPlaceHolder}">-->
						<!--	<core:ListItem key="{TCUDeskSuggDropdown>Desk_Num}" text="{TCUDeskSuggDropdown>Desk_Num}"-->
						<!--		additionalText="{TCUDeskSuggDropdown>Desk_Num_Desc}"/>-->
						<!--</ComboBox>-->
						<SearchField width="100%" class="sapUiSmallMargin searchFieldCls" liveChange="onMechEmpSearch" id="dialoguMechEmpSearch"
							placeholder="{i18n>empSrchPlaceHolder}" search="onMechPosSearch"/>
					</Toolbar>
					<Table id="mechPosEmpTabTable" items="{path: 'mechPosEmpModelData>/results'}" includeItemInSelection="true"
						class="tableCls" visible="false" growing="true" growingThreshold="20" growingScrollToLoad="true">
						<columns>
							<Column>
								<Label text="{i18n>posIdColumnLabel}" design="Bold" wrapping="true"/>
							</Column>
							<Column>
								<Label text="{i18n>descColumnLabel}" design="Bold" wrapping="true"/>
							</Column>
							<Column>
								<Label text="{i18n>unionColumnLabel}" design="Bold" wrapping="true"/>
							</Column>
							<Column>
								<Label text="{i18n>areaColumnLabel}" design="Bold" wrapping="true"/>
							</Column>
							<Column>
								<Label text="{i18n>craftColumnLabel}" design="Bold" wrapping="true"/>
							</Column>
							<Column>
								<Label text="{i18n>territoryColumnLabel}" design="Bold" wrapping="true"/>
							</Column>
							<Column visible="false">
								<Label text="{i18n>yardColumnLabel}" design="Bold" wrapping="true"/>
							</Column>
							<!--<Column width="19%">-->
							<!--	<Label text="{i18n>locChairmanColumnLabel}" design="Bold"/>-->
							<!--</Column>-->
							<Column>
								<!--<VBox>-->
								<!--	<Label text="{i18n>currColumnLabel}" design="Bold"/>-->
									<Label text="{i18n>OccuColumnLabel}" design="Bold" wrapping="true"/>
								<!--</VBox>-->
							</Column>
						</columns>
						<items>
							<ColumnListItem press="onPositionSubmit" type="Active">
								<cells>
									<Text text="{mechPosEmpModelData>PositionId}" class="tableItemsTxtColor"/>
									<Text text="{mechPosEmpModelData>PositionDesc}" class="tableItemsTxtColor"/>
									<Text text="{mechPosEmpModelData>Union}" class="tableItemsTxtColor"/>
									<Text text="{mechPosEmpModelData>Area}" class="tableItemsTxtColor"/>
									<Text text="{mechPosEmpModelData>Craft}" class="tableItemsTxtColor"/>
									<Text text="{mechPosEmpModelData>Territory}" class="tableItemsTxtColor"/>
									<Text text="{mechPosEmpModelData>Yard}" class="tableItemsTxtColor"/>
									<!--<Text text="{mechPosEmpModelData>Local_Chairman}"/>-->
									<Text text="{mechPosEmpModelData>CurntOcupnt}" class="tableItemsTxtColor"/>
								</cells>
							</ColumnListItem>
						</items>
					</Table>
				</IconTabFilter>
				<!--<IconTabFilter text="{i18n>yardTabText}" key="{i18n>yardTabText}">-->
				<!--	<Toolbar>-->
				<!--<SearchField width="100%" class="sapUiSmallMargin searchFieldCls" liveChange="onMechPosYardSearch" id="dialoguMechPosYardSearch"-->
				<!--	placeholder="{i18n>posYardSrchPlaceHolder}" search="onMechPosSearch"/>-->
				<!--		<ComboBox showSecondaryValues="true" items="{path:'mechYardModelData>/results'}" id="mechYardDropDown" loadItems="onYardDropDown"-->
				<!--			selectionChange="onMechYardSelectionChange" width="60%" placeholder="{i18n>selYard}">-->
				<!--			<core:ListItem key="{mechYardModelData>Description}" text="{mechYardModelData>Value}" additionalText="{mechYardModelData>Description}"/>-->
				<!--		</ComboBox>-->
				<!--	</Toolbar>-->
				<!--	<Table id="mechPosYardTabTable" items="{path: 'mechPosYardModelData>/results'}" includeItemInSelection="true"-->
				<!--		class="tableCls" visible="false" growing="true" growingThreshold="20" growingScrollToLoad="true">-->
				<!--		<columns>-->
				<!--			<Column width="15%">-->
				<!--				<Label text="{i18n>posIdColumnLabel}" design="Bold"/>-->
				<!--			</Column>-->
				<!--			<Column width="16%">-->
				<!--				<Label text="{i18n>descColumnLabel}" design="Bold"/>-->
				<!--			</Column>-->
				<!--			<Column>-->
				<!--				<Label text="{i18n>unionColumnLabel}" design="Bold"/>-->
				<!--			</Column>-->
				<!--			<Column>-->
				<!--				<Label text="{i18n>areaColumnLabel}" design="Bold"/>-->
				<!--			</Column>-->
				<!--			<Column>-->
				<!--				<Label text="{i18n>craftColumnLabel}" design="Bold"/>-->
				<!--			</Column>-->
				<!--			<Column>-->
				<!--				<Label text="{i18n>territoryColumnLabel}" design="Bold"/>-->
				<!--			</Column>-->
				<!--			<Column>-->
				<!--				<Label text="{i18n>yardColumnLabel}" design="Bold"/>-->
				<!--			</Column>-->
				<!--<Column width="19%">-->
				<!--	<Label text="{i18n>locChairmanColumnLabel}" design="Bold"/>-->
				<!--</Column>-->
				<!--			<Column>-->
				<!--				<VBox>-->
				<!--					<Label text="{i18n>currColumnLabel}" design="Bold"/>-->
				<!--					<Label text="{i18n>OccuColumnLabel}" design="Bold"/>-->
				<!--				</VBox>-->
				<!--			</Column>-->
				<!--		</columns>-->
				<!--		<items>-->
				<!--			<ColumnListItem press="onPositionSubmit" type="Active">-->
				<!--				<cells>-->
				<!--					<Text text="{mechPosYardModelData>PositionId}"/>-->
				<!--					<Text text="{mechPosYardModelData>PositionDesc}"/>-->
				<!--					<Text text="{mechPosYardModelData>Union}"/>-->
				<!--					<Text text="{mechPosYardModelData>Area}"/>-->
				<!--					<Text text="{mechPosYardModelData>Craft}"/>-->
				<!--					<Text text="{mechPosYardModelData>Territory}"/>-->
				<!--					<Text text="{mechPosYardModelData>Yard}"/>-->
				<!--<Text text="{mechPosYardModelData>Local_Chairman}"/>-->
				<!--					<Text text="{mechPosYardModelData>CurntOcupnt}"/>-->
				<!--				</cells>-->
				<!--			</ColumnListItem>-->
				<!--		</items>-->
				<!--	</Table>-->
				<!--</IconTabFilter>-->
				<!--<IconTabFilter text="{i18n>locChairmanTabText}" key="{i18n>locChairmanTabText}">-->
				<!--	<Toolbar>-->
				<!--		<SearchField width="100%" class="sapUiSmallMargin searchFieldCls" liveChange="onMechPosLocChairmanSearch" id="dialoguMechPosLocChairmanSearch"-->
				<!--			placeholder="{i18n>posLocChairmanSrchPlaceHolder}" search="onMechPosSearch"/>-->
				<!--	</Toolbar>-->
				<!--	<Table id="mechPosLocChairmanTabTable" items="{path: 'mechPosLocChairmanModelData>/results'}" includeItemInSelection="true"-->
				<!--		class="tableCls" visible="false" growing="true" growingThreshold="20" growingScrollToLoad="true">-->
				<!--		<columns>-->
				<!--			<Column width="15%">-->
				<!--				<Label text="{i18n>posIdColumnLabel}" design="Bold"/>-->
				<!--			</Column>-->
				<!--			<Column width="16%">-->
				<!--				<Label text="{i18n>descColumnLabel}" design="Bold"/>-->
				<!--			</Column>-->
				<!--			<Column>-->
				<!--				<Label text="{i18n>unionColumnLabel}" design="Bold"/>-->
				<!--			</Column>-->
				<!--			<Column>-->
				<!--				<Label text="{i18n>areaColumnLabel}" design="Bold"/>-->
				<!--			</Column>-->
				<!--			<Column>-->
				<!--				<Label text="{i18n>craftColumnLabel}" design="Bold"/>-->
				<!--			</Column>-->
				<!--			<Column>-->
				<!--				<Label text="{i18n>territoryColumnLabel}" design="Bold"/>-->
				<!--			</Column>-->
				<!--			<Column>-->
				<!--				<Label text="{i18n>yardColumnLabel}" design="Bold"/>-->
				<!--			</Column>-->
				<!--<Column width="19%">-->
				<!--	<Label text="{i18n>locChairmanColumnLabel}" design="Bold"/>-->
				<!--</Column>-->
				<!--		</columns>-->
				<!--		<items>-->
				<!--			<ColumnListItem press="onMechPosLocChairmanSubmit" type="Active">-->
				<!--				<cells>-->
				<!--					<Text text="{mechPosLocChairmanModelData>PositionId}"/>-->
				<!--					<Text text="{mechPosLocChairmanModelData>PositionDesc}"/>-->
				<!--					<Text text="{mechPosLocChairmanModelData>Union}"/>-->
				<!--					<Text text="{mechPosLocChairmanModelData>Area}"/>-->
				<!--					<Text text="{mechPosLocChairmanModelData>Craft}"/>-->
				<!--					<Text text="{mechPosLocChairmanModelData>Territory}"/>-->
				<!--					<Text text="{mechPosLocChairmanModelData>Yard}"/>-->
				<!--<Text text="{mechPosLocChairmanModelData>Local_Chairman}"/>-->
				<!--				</cells>-->
				<!--			</ColumnListItem>-->
				<!--		</items>-->
				<!--	</Table>-->
				<!--</IconTabFilter>-->
			</items>
		</IconTabBar>
		<endButton>
			<Button text="{i18n>cancel}" press="onMechPosDialogCancel" class="clsBtnColorYellowRed"/>
		</endButton>
	</Dialog>
</core:FragmentDefinition>