<core:FragmentDefinition xmlns="sap.m" xmlns:core="sap.ui.core">
	<Dialog id="payPosIdDialogue" title="{i18n>positionIdLabel}" class="sapUiSizeCompact dialog dialogWidthCls">
		<IconTabBar id="payIconTabBar" select="payRollIconTabBarSelect" class="clsITBarCls">
			<items>
				<IconTabFilter text="{i18n>posIdTabText}" key="{i18n>posIdTabText}">
					<Toolbar class="toolBarCls">
						<SearchField width="50%" class="searchFieldCls" id="payRollPosId" placeholder="{i18n>posIdPlaceHolder}" search="onPayPosSearch"/>
					</Toolbar>
				</IconTabFilter>
				<IconTabFilter visible="false" text="{i18n>empIdTDialogueitle}" key="Employee ID">
					<Toolbar class="toolBarCls">
						<SearchField width="50%" class="searchFieldCls" id="payRollEmpcode" placeholder="Enter Employee Id" search="onPayrollEmpSearch"/>
					</Toolbar>
				</IconTabFilter>
				<IconTabFilter text="{i18n>UnionLabel}" key="Union">
					<Toolbar class="toolBarCls">
						<ComboBox showSecondaryValues="true" items="{path:'payrollUnionDropDownModelData>/results'}" id="payRollUnionDropDown"
							loadItems="onUnionDropDown1" selectionChange="onPayRollUnionSelectionChange" width="60%" placeholder="{i18n>selUnion}" class="comboCls">
							<core:ListItem key="{payrollUnionDropDownModelData>Description}" text="{payrollUnionDropDownModelData>Value}"
								additionalText="{payrollUnionDropDownModelData>Description}"/>
						</ComboBox>
					</Toolbar>
				</IconTabFilter>
				<IconTabFilter text="{i18n>agreementCodeLabel}" key="Agreement Code">
					<Toolbar class="toolBarCls">
						<ComboBox showSecondaryValues="true" items="{path:'payrollAggDropDownModelData>/results'}" id="payRollAggCode" loadItems="onAggDrop"
							selectionChange="onPayRollAggSelectionChange" width="60%" placeholder="Select Agreement Code" class="comboCls">
							<core:ListItem key="{payrollAggDropDownModelData>Value}" text="{payrollAggDropDownModelData>Value}"
								additionalText="{payrollAggDropDownModelData>Description}"/>
						</ComboBox>
					</Toolbar>
				</IconTabFilter>
				<IconTabFilter text="{i18n>costCenterLabel}" key="Cost Center">
					<Toolbar class="toolBarCls">
						<SearchField width="50%" class="searchFieldCls" liveChange="onEngPosLiveChangeSearch" id="payrollCostcenter" placeholder="Enter Cost Center"
							search="onPayRollCostSearch"/>
					</Toolbar>
				</IconTabFilter>
				<IconTabFilter text="{i18n>currOccuPantTabText}" key="Current Occupant">
					<Toolbar class="toolBarCls">
						<SearchField width="50%" class="searchFieldCls" liveChange="onEngPosLiveChangeSearch" id="payrollEmp"
							placeholder="Enter Employee ID or Employee Name" search="onPayRollEmpSearch"/>
					</Toolbar>
				</IconTabFilter>
			</items>
		</IconTabBar>
		<Table id="payRollPosIdTabTable" items="{path:'payRollPosDetails>/results'}" includeItemInSelection="true" class="tableCls" visible="false"
			growing="true" growingThreshold="20" growingScrollToLoad="true">
			<columns>
				<Column>
					<Label text="{i18n>posIdColumnLabel}" design="Bold" wrapping="true"/>
				</Column>
				<Column>
					<Label text="{i18n>descColumnLabel}" design="Bold" wrapping="true"/>
				</Column>
				<Column visible="false">
					<Label text="Employee ID" design="Bold" wrapping="true"/>
				</Column>
				<Column>
					<Label text="{i18n>unionColumnLabel}" design="Bold" wrapping="true"/>
				</Column>
				<Column>
					<Label text="Agreement Code" design="Bold" wrapping="true"/>
				</Column>
				<Column>
					<Label text="Cost Center" design="Bold" wrapping="true"/>
				</Column>
				<Column>
					<Label text="{i18n>currOccuPantTabText}" design="Bold" wrapping="true"/>
				</Column>
			</columns>
			<items>
				<ColumnListItem press="onPayrollPositionSubmit" type="Active">
					<cells>
						<Text text="{payRollPosDetails>PositionId}" class="tableItemsTxtColor"/>
						<Text text="{payRollPosDetails>PositionDesc}" class="tableItemsTxtColor"/>
						<Text visible="false" text="{payRollPosDetails>EmployeeId}" class="tableItemsTxtColor"/>
						<Text text="{payRollPosDetails>Union}" class="tableItemsTxtColor"/>
						<Text text="{payRollPosDetails>AgreementCode}" class="tableItemsTxtColor"/>
						<Text text="{payRollPosDetails>CostCenter}" class="tableItemsTxtColor"/>
						<Text text="{payRollPosDetails>CurntOcupnt}" class="tableItemsTxtColor"/>
					</cells>
				</ColumnListItem>
			</items>
		</Table>
		<endButton>
			<Button text="{i18n>cancel}" press="onPayDialogCancel" class="clsBtnColorYellowRed"/>
		</endButton>
	</Dialog>
</core:FragmentDefinition>