<core:FragmentDefinition xmlns="sap.m" xmlns:core="sap.ui.core">
	<Dialog title="{i18n>positionIdLabel}" class="sapUiSizeCompact dialog dialogWidthCls">
		<IconTabBar select="onSelectIconTabBar" class="clsITBarCls" expandable="false">
			<items>
				<IconTabFilter text="{i18n>posIdTabText}" key="{i18n>posIdTabText}"
					visible="{= ${viewModel>/Group} === 'SE' || ${viewModel>/Group} === 'SM' || ${viewModel>/Group} === 'SD' || ${viewModel>/Group} === 'SL' || ${viewModel>/Group} === 'ST'}">
					<Toolbar class="toolBarCls">
						<SearchField width="100%" class="searchFieldCls" liveChange="positionTitlChange" placeholder="{i18n>posIdPlaceHolder}"
							search="positionTitleSearch" value="{ValueModel>/positionTitle}"/>
					</Toolbar>
				</IconTabFilter>
				<IconTabFilter text="{i18n>unionTabText}" key="{i18n>unionTabText}"
					visible="{= ${viewModel>/Group} === 'Engineering' || ${viewModel>/Group} === 'E' || ${viewModel>/Group} === 'SE' || ${viewModel>/Group} === 'Mechanical' || ${viewModel>/Group} === 'M' || ${viewModel>/Group} === 'SM'}">
					<Toolbar class="toolBarCls">
						<ComboBox showSecondaryValues="true" value="{ValueModel>/Uninonval}" items="{path:'UninonModel>/results'}" loadItems="onUnionDropDown"
							selectionChange="uninonSelectionChanges" width="60%" placeholder="{i18n>selUnion}" class="comboCls">
							<core:ListItem key="{UninonModel>Description}" text="{UninonModel>Value}" additionalText="{UninonModel>Description}"/>
						</ComboBox>
					</Toolbar>
				</IconTabFilter>
				<IconTabFilter text="{i18n>assignSupTabText}" key="{i18n>assignSupTabText}"
					visible="{= ${viewModel>/Group} === 'E' || ${viewModel>/Group} === 'SE' || ${viewModel>/Group} === 'Mechanical' || ${viewModel>/Group} === 'M' || ${viewModel>/Group} === 'SM'}">
					<Toolbar class="toolBarCls">
						<SearchField width="100%" class="searchFieldCls" liveChange="onEngPosSupLiveChangeSearch" placeholder="{i18n>posSupSrchPlaceHolder}"
							search="positionTitleSearch" value="{ValueModel>/AssignedSuperVisrVal}"/>
					</Toolbar>
				</IconTabFilter>
				<IconTabFilter text="{i18n>cityTabText}" key="{i18n>cityTabText}"
					visible="{= ${viewModel>/Group} === 'Engineering' || ${viewModel>/Group} === 'E' || ${viewModel>/Group} === 'SE' || ${viewModel>/Group} === 'Mechanical' || ${viewModel>/Group} === 'M' || ${viewModel>/Group} === 'SM'}">
					<Toolbar class="toolBarCls">
						<SearchField width="100%" class="searchFieldCls" liveChange="onEngPosCityLiveChangeSearch" placeholder="{i18n>posCitySrchPlaceHolder}"
							search="positionTitleSearch" value="{ValueModel>/cityValue}"/>
					</Toolbar>
				</IconTabFilter>
				<IconTabFilter text="{i18n>stateTabText}" key="{i18n>stateTabText}"
					visible="{= ${viewModel>/Group} === 'Engineering' || ${viewModel>/Group} === 'E' || ${viewModel>/Group} === 'SE'}">
					<Toolbar class="toolBarCls">
						<ComboBox showSecondaryValues="true" items="{stateModelData>/results}" loadItems="StateSearchHelpSet" selectionChange="stateSelectionChange"
							width="60%" placeholder="{i18n>selState}" class="comboCls" value="{ValueModel>/StateVal}">
							<core:ListItem key="{stateModelData>StateKey}" text="{stateModelData>StateDesc}" additionalText="{stateModelData>StateKey}"/>
						</ComboBox>
					</Toolbar>
				</IconTabFilter>
				<IconTabFilter text="{i18n>divTabText}" key="{i18n>divTabText}"
					visible="{= ${viewModel>/Group} === 'E' || ${viewModel>/Group} === 'SE' || ${viewModel>/Group} === 'Mechanical' || ${viewModel>/Group} === 'M' || ${viewModel>/Group} === 'SM'}">
					<Toolbar class="toolBarCls">
						<ComboBox showSecondaryValues="true" items="{path:'DivisnModelData>/results'}" loadItems="divisionDropdown"
							selectionChange="onDivSelectionChange" width="60%" placeholder="{i18n>selDiv}" class="comboCls" value="{ValueModel>/DivisionVal}">
							<core:ListItem key="{DivisnModelData>Description}" text="{DivisnModelData>Value}" additionalText="{DivisnModelData>Description}"/>
						</ComboBox>
					</Toolbar>
				</IconTabFilter>
				<IconTabFilter text="{i18n>gangTabText}" key="{i18n>gangTabText}"
					visible="{= ${viewModel>/Group} === 'Engineering' || ${viewModel>/Group} === 'E' || ${viewModel>/Group} === 'SE' || ${viewModel>/Group} === 'Mechanical' || ${viewModel>/Group} === 'M' || ${viewModel>/Group} === 'SM'}">
					<Toolbar class="toolBarCls">
						<ComboBox showSecondaryValues="true" filterSecondaryValues="true" items="{GangModelDropModel>/results}" loadItems="gangIdDropdown"
							change="ongangSelectionChnage" width="60%" placeholder="{i18n>posGangIdSrchPlaceHolder}" class="comboCls" value="{ValueModel>/GangVal}">
							<core:ListItem key="{GangModelDropModel>Description}" text="{GangModelDropModel>Value}" additionalText="{GangModelDropModel>Description}"/>
						</ComboBox>
					</Toolbar>
				</IconTabFilter>
				<IconTabFilter text="{i18n>deskTabText}" key="{i18n>deskTabText}" visible="{= ${viewModel>/Group} === 'SD'}">
					<Toolbar class="toolBarCls">
						<SearchField width="100%" class="searchFieldCls" liveChange="onTcuPosIdOrTitleSearch" id="dialoguTcuPosIdOrTitleSearch"
							placeholder="{i18n>posIdPlaceHolder}" search="positionTitleSearch" value="{ValueModel>/DeskVal}"/>
					</Toolbar>
				</IconTabFilter>
				<IconTabFilter text="{i18n>deptTabText1}" key="{i18n>deptTabText}" visible="{= ${viewModel>/Group} === 'ST'}">
					<Toolbar class="toolBarCls">
						<SearchField width="100%" class="searchFieldCls" liveChange="onTcuPosIdOrTitleSearch" placeholder="{i18n>posIdPlaceHolder}"
							search="positionTitleSearch" value="{ValueModel>/DeptVal}"/>
					</Toolbar>
				</IconTabFilter>
				<IconTabFilter text="{i18n>empTabText}" key="{i18n>empTabText}"
					visible="{= ${viewModel>/Group} === 'E' || ${viewModel>/Group} === 'SE' || ${viewModel>/Group} === 'M' || ${viewModel>/Group} === 'SM' || ${viewModel>/Group} === 'ST' || ${viewModel>/Group} === 'SL' || ${viewModel>/Group} === 'SD'}">
					<Toolbar class="toolBarCls">
						<SearchField width="100%" class="sapUiSmallMargin searchFieldCls" liveChange="onMechEmpSearch" placeholder="{i18n>empSrchPlaceHolder}"
							search="positionTitleSearch" value="{ValueModel>/CurrOcupntvalue}"/>
					</Toolbar>
				</IconTabFilter>
			</items>
		</IconTabBar>
		<HBox>
			<VBox>
				<Table items="{path:'positionModelData>/'}" includeItemInSelection="true" class="tableCls" growing="true" growingThreshold="20"
					growingScrollToLoad="true" visible="{visibleModel>/posGlobalTable}">
					<columns>
						<Column>
							<Label text="{i18n>posIdColumnLabel}" design="Bold" wrapping="true"/>
						</Column>
						<Column>
							<Label class="cFilterIcon" text="{i18n>descColumnLabel}" design="Bold" wrapping="true"/>
						</Column>
						<Column>
							<Label text="{i18n>unionColumnLabel}" design="Bold" wrapping="true"/>
						</Column>
						<Column>
							<Label class="cFilterIcon" text="{i18n>superVisorColumnLabel}" design="Bold" wrapping="true"/>
						</Column>
						<Column>
							<Label class="cFilterIcon" text="{i18n>cityColumnLabel}" design="Bold" wrapping="true"/>
						</Column>
						<Column>
							<Label text="{i18n>stateColumnLabel}" design="Bold" wrapping="true"/>
						</Column>
						<Column>
							<Label class="cFilterIcon" text="{i18n>divColumnLabel}" design="Bold" wrapping="true"/>
						</Column>
						<Column>
							<Label text="{i18n>reqColumnLabel}" design="Bold" wrapping="true"/>
						</Column>
						<Column>
							<Label text="{i18n>OccuColumnLabel}" design="Bold" wrapping="true"/>
						</Column>
					</columns>
					<items>
						<ColumnListItem press="onPositionSubmit" type="Active">
							<cells>
								<Text text="{positionModelData>PositionId}" class="tableItemsTxtColor"/>
								<Text text="{positionModelData>PositionDesc}" class="tableItemsTxtColor"/>
								<Text text="{positionModelData>Union}" class="tableItemsTxtColor"/>
								<Text text="{positionModelData>AssignSup}" class="tableItemsTxtColor"/>
								<Text text="{positionModelData>City}" class="tableItemsTxtColor"/>
								<Text text="{positionModelData>State}" class="tableItemsTxtColor"/>
								<Text text="{positionModelData>Divison}" class="tableItemsTxtColor"/>
								<Text text="{positionModelData>Qualification}" class="tableItemsTxtColor"/>
								<Text text="{positionModelData>CurntOcupnt}" class="tableItemsTxtColor"/>
							</cells>
						</ColumnListItem>
					</items>
				</Table>
			</VBox>
		</HBox>
		<endButton>
			<Button text="{i18n>cancel}" press="onDialogClose" class="clsBtnColorYellowRed"/>
		</endButton>
	</Dialog>
</core:FragmentDefinition>