<core:FragmentDefinition xmlns="sap.m" xmlns:l="sap.ui.layout" xmlns:f="sap.ui.layout.form" xmlns:core="sap.ui.core">
	<VBox>
		<Panel class="DatesPanel">
			<f:SimpleForm editable="true" layout="ResponsiveGridLayout" labelSpanXL="4" labelSpanL="4" labelSpanM="4" labelSpanS="1"
				adjustLabelSpan="false" emptySpanXL="2" emptySpanL="2" emptySpanM="2" emptySpanS="0" columnsXL="3" columnsL="3" columnsM="3"
				singleContainerFullSize="false" class="FormTitleHeight">
				<f:content>
					<core:Title text=""></core:Title>
					<Label text="{i18n>effectiveDateLabelF}" design="Bold" class="labelCls" required="true"/>
					<DatePicker width="100%" id="changeEngStartDate" value="{StartDate}" displayFormat="MM/dd/yyyy" placeholder="MM/DD/YYYY"
						valueFormat="yyyyMMdd" change="onChangeEngStDateSelection" editable="false" class="datePickerCls"/>
					<core:Title text=""></core:Title>
					<Label text="{i18n>endDateLabel}" design="Bold" class="labelCls"/>
					<DatePicker width="100%" id="changeEngEndDate" value="{EndDate}" displayFormat="MM/dd/yyyy" placeholder="MM/DD/YYYY" valueFormat="yyyyMMdd"
						change="onDateSelection" editable="false" class="datePickerCls"/>
					<core:Title text=""></core:Title>
					<Label text="Current Occupant" design="Bold" class="labelCls"/>
					<!--<Text text="{EmpId}-{EmpName}"></Text>-->
					<Text text="{EmpId} {= ${EmpName} === '' ? ' ' : '-' } {EmpName}"></Text>
				</f:content>
			</f:SimpleForm>
		</Panel>
		<f:SimpleForm id="PositionEngChangeFormId" editable="true" layout="ResponsiveGridLayout" labelSpanXL="6" labelSpanL="6" labelSpanM="6"
			labelSpanS="1" adjustLabelSpan="false" emptySpanXL="1" emptySpanL="1" emptySpanM="1" emptySpanS="0" columnsXL="3" columnsL="3" columnsM="3"
			singleContainerFullSize="false" class="FormTitleHeight">
			<f:content>
				<core:Title text=""></core:Title>
				<Label text="{i18n>posIdLabel}" design="Bold" class="labelCls" visible="false"/>
				<Input visible="false" width="100%" value="{PosId}" change="onChange" showValueHelp="true" id="changeEngPosId" editable="false"
					class="valueHelpCls"></Input>
				<Label text="{i18n>posTitleLabel}" design="Bold" class="labelCls" visible="false"/>
				<Input visible="false" width="100%" value="{PosDesc}" change="onChange" showValueHelp="false" id="changeEngPosTitleId" editable="false"/>
				<Label text="{i18n>cityLabel}" design="Bold" class="labelCls" required="true"/>
				<Input visible="{= ${viewModel>/Group} === 'Engineering' || ${viewModel>/Group} === 'E' || ${viewModel>/Group} === 'SE'}"
					placeholder="Select City" value="{City}" id="changeEngCityDropDown" width="100%" editable="true"></Input>
				<Label text="{i18n>stateLabel}" design="Bold" class="labelCls" required="true"/>
				<ComboBox visible="{= ${viewModel>/Group} === 'Engineering' || ${viewModel>/Group} === 'E' || ${viewModel>/Group} === 'SE'}"
					id="changeEngStateDropDown" selectedKey="{State}" value="{StateDesc}" width="100%" showSecondaryValues="true" change="onChange"
					selectionChange="onEngStateChange" editable="true" items="{engStateData>/results}" class="comboCls">
					<core:ListItem key="{engStateData>StateKey}" text="{engStateData>StateDesc}" additionalText="{engStateData>StateKey}"></core:ListItem>
				</ComboBox>
				<Label text="{i18n>regionLabel}" design="Bold" class="labelCls" required="true"/>
				<ComboBox visible="{= ${viewModel>/Group} === 'Engineering' || ${viewModel>/Group} === 'E' || ${viewModel>/Group} === 'SE'}"
					value="{Region}" selectedKey="{Region}" id="changeEngRegion" width="100%" class="comboCls" showSecondaryValues="true" editable="true"
					selectionChange="onEngRegionSelectionChange" filterSecondaryValues="true" change="onEngRegionChange" items="{engRegionSuggModel>/results}">
					<core:ListItem key="{engRegionSuggModel>Region}" text="{engRegionSuggModel>Region}"></core:ListItem>
				</ComboBox>
				<Label text="{i18n>divLabel}" design="Bold" class="labelCls" required="true"/>
				<ComboBox visible="{= ${viewModel>/Group} === 'Engineering' || ${viewModel>/Group} === 'E' || ${viewModel>/Group} === 'SE'}"
					id="changeEngDivDropDown" value="{Division}" width="100%" showSecondaryValues="true" change="onChange" selectionChange="onEngDivisionChange"
					editable="true" items="{engDiviData>/results}" class="comboCls">
					<core:ListItem key="{engDiviData>Division}" text="{engDiviData>Division}"></core:ListItem>
				</ComboBox>
				<Label text="{i18n>districtLabel}" design="Bold" class="labelCls" required="true"/>
				<ComboBox visible="{= ${viewModel>/Group} === 'Engineering' || ${viewModel>/Group} === 'E' || ${viewModel>/Group} === 'SE'}" id="districtId"
					value="{District}" width="100%" showSecondaryValues="true" selectionChange="onEngDistrictChange" change="onChange" editable="true"
					items="{engDistData>/results}" class="comboCls">
					<core:ListItem key="{engDistData>District}" text="{engDistData>District}"></core:ListItem>
				</ComboBox>
				<Label text="{i18n>dpgZoneLabel}" design="Bold" class="labelCls"/>
				<Input visible="{= ${viewModel>/Group} === 'Engineering' || ${viewModel>/Group} === 'E' || ${viewModel>/Group} === 'SE'}" width="100%"
					liveChange="onDpgChange" editable="false" value="{DPGZone}"/>
				<Label text="{i18n>headQuartersLabel}" design="Bold" class="labelCls"/>
				<ComboBox visible="{= ${viewModel>/Group} === 'Engineering' || ${viewModel>/Group} === 'E' || ${viewModel>/Group} === 'SE'}"
					id="changeEngGangClsId" width="100%" selectedKey="{GangClass}" showSecondaryValues="true" change="onEngHeadQuaterChange" class="comboCls">
					<core:ListItem key="a" text=" "></core:ListItem>
					<core:ListItem key="H" text="Headquarters"></core:ListItem>
					<core:ListItem key="M" text="Mobile"></core:ListItem>
				</ComboBox>
				<Label text="{i18n>union}" design="Bold" class="labelCls"/>
				<Input visible="{= ${viewModel>/Group} === 'Engineering' || ${viewModel>/Group} === 'E' || ${viewModel>/Group} === 'SE'}" width="100%"
					value="{Union}" change="onChange" showValueHelp="true" id="changeEngUnionCodeId" editable="false" class="valueHelpCls"></Input>
				<Label text="{i18n>totalRateLabel}" design="Bold" class="labelCls" visible="false"/>
				<Input visible="false" width="100%" value="{TotRate}" class="valueHelpCls" change="onChange" showValueHelp="true" id="changeEngTotalRateId"
					editable="false"></Input>
				<Label text="{i18n>prorataRateLabel}" design="Bold" class="labelCls" visible="false"/>
				<Input width="100%" value="{ProRate}" showValueHelp="false" id="changeEngProrataId" editable="false" visible="false"/>
				<Label text="{i18n>holdDays}" design="Bold" class="labelCls" required="false"/>
				<ComboBox visible="{= ${viewModel>/Group} === 'Engineering' || ${viewModel>/Group} === 'E' || ${viewModel>/Group} === 'SE'}"
					id="holdDropDown" selectedKey="{HoldDays}" width="100%" selectionChange="onEngHoldDaysChange" change="onChange" editable="true"
					items="{holdDropDownModelData>/results}" class="comboCls">
					<core:ListItem key="{holdDropDownModelData>Value}" text="{holdDropDownModelData>Description}"></core:ListItem>
				</ComboBox>
				<Label text="{i18n>noBidLabel}" design="Bold" class="labelCls"/>
				<CheckBox visible="{= ${viewModel>/Group} === 'Engineering' || ${viewModel>/Group} === 'E' || ${viewModel>/Group} === 'SE'}" id="noBidId"
					editable="false" selected="{parts:[{path:'NoBid'}], formatter:'.formatter.checkBoxFormatter'}" class="checkBoxCls"></CheckBox>
				<Label text="{i18n>obsoleteLabel}" design="Bold" class="labelCls"/>
				<CheckBox visible="{= ${viewModel>/Group} === 'Engineering' || ${viewModel>/Group} === 'E' || ${viewModel>/Group} === 'SE'}" id="Obsolete"
					editable="false" selected="{parts:[{path:'ObsFlag'}], formatter:'.formatter.checkBoxFormatter'}" class="checkBoxCls"></CheckBox>
				<!--Mechanical Fields column 1-->
				<Label text="{i18n>posIdLabel}" design="Bold" class="labelCls" visible="false"/>
				<Input visible="false" width="100%" showValueHelp="true" value="{PosId}" editable="false" id="changeMechPosId" class="valueHelpCls"></Input>
				<Label text="{i18n>posTitleLabel}" design="Bold" class="labelCls" visible="false"/>
				<Input width="100%" value="{PosDesc}" showValueHelp="false" id="changeMechPosTitleId" visible="false" change="onMechPosTitleChange"
					editable="false"/>
				<Label text="{i18n>union}" design="Bold" class="labelCls"/>
				<Input
					visible="{= ${viewModel>/Group} === 'Engineering' || ${viewModel>/Group} === 'E' || ${viewModel>/Group} === 'SE' || ${viewModel>/Group} === 'Mechanical' || ${viewModel>/Group} === 'M' || ${viewModel>/Group} === 'SM' || ${viewModel>/Group} === 'TCU' || ${viewModel>/Group} === 'ATDA'|| ${viewModel>/Group} === 'Dispatchers'|| ${viewModel>/Group} === 'ILA'|| ${viewModel>/Group} === 'T'|| ${viewModel>/Group} === 'A'|| ${viewModel>/Group} === 'L'|| ${viewModel>/Group} === 'ST'|| ${viewModel>/Group} === 'SD'|| ${viewModel>/Group} === 'SL'}"
					width="100%" value="{Union}" showValueHelp="true" id="changeMechUnionCodeId" editable="false" class="valueHelpCls"></Input>
				<Label text="{i18n>jpLabel}" design="Bold" class="labelCls"/>
				<Input
					visible="{= ${viewModel>/Group} === 'Mechanical' || ${viewModel>/Group} === 'M' || ${viewModel>/Group} === 'SM' || ${viewModel>/Group} === 'TCU' || ${viewModel>/Group} === 'ATDA'|| ${viewModel>/Group} === 'Dispatchers'|| ${viewModel>/Group} === 'ILA'|| ${viewModel>/Group} === 'T'|| ${viewModel>/Group} === 'A'|| ${viewModel>/Group} === 'L'|| ${viewModel>/Group} === 'ST'|| ${viewModel>/Group} === 'SD'|| ${viewModel>/Group} === 'SL'}"
					width="100%" value="{JPId}" showValueHelp="false" id="changeMechJpId" editable="false" change="onMechJpidChange"/>
				<Label text="{i18n>clonedFromLabel}" design="Bold" class="labelCls"/>
				<Input
					visible="{= ${viewModel>/Group} === 'Mechanical' || ${viewModel>/Group} === 'M' || ${viewModel>/Group} === 'SM' || ${viewModel>/Group} === 'TCU' || ${viewModel>/Group} === 'ATDA'|| ${viewModel>/Group} === 'Dispatchers'|| ${viewModel>/Group} === 'ILA'|| ${viewModel>/Group} === 'T'|| ${viewModel>/Group} === 'A'|| ${viewModel>/Group} === 'L'|| ${viewModel>/Group} === 'ST'|| ${viewModel>/Group} === 'SD'|| ${viewModel>/Group} === 'SL'}"
					width="100%" value="{SourcePos}" showValueHelp="false" id="changeMechPosSourcePosId" editable="false"/>
				<Label text="{i18n>currentBulletinNoLabel}" design="Bold" class="labelCls"/>
				<Input visible="{= ${viewModel>/Group} === 'Mechanical' || ${viewModel>/Group} === 'M' || ${viewModel>/Group} === 'SM'}" width="100%"
					value="{BullNo}" showValueHelp="false" id="changeMechBulletinNoId" editable="false"/>
				<Label text="{i18n>totalRateLabel}" design="Bold" class="labelCls" visible="false"/>
				<Input visible="false" width="100%" value="{TotRate}" showValueHelp="true" id="changeMechTotalRateId" editable="false" class="valueHelpCls"></Input>
				<Label visible="false" text="Prorated Rate" design="Bold" class="labelCls"/>
				<Input visible="false" width="100%" value="{ProRate}" showValueHelp="false" id="changeMechProrataId" editable="false"/>
				<Label text="{i18n>craftColumnLabel}" design="Bold" class="labelCls" required="true"/>
				<ComboBox visible="{= ${viewModel>/Group} === 'Mechanical' || ${viewModel>/Group} === 'M' || ${viewModel>/Group} === 'SM'}" value="{Craft}"
					selectedKey="{Craft}" id="changeMechraftId" width="100%" showSecondaryValues="true" change="onMechCraftChange" editable="true"
					selectionChange="onMechCraftSelectionChange" filterSecondaryValues="true" items="{mechCraftSuggModel>/results}" class="comboCls">
					<core:ListItem key="{mechCraftSuggModel>CraftId}" text="{mechCraftSuggModel>Craft}" additionalText="{mechCraftSuggModel>CraftId}"></core:ListItem>
				</ComboBox>
				<Label text="" visible="{= ${viewModel>/Group} === 'Mechanical' || ${viewModel>/Group} === 'M' || ${viewModel>/Group} === 'SM'}"/>
				<Text id="changeMechraftIdDesc" text="{CraftDesc}"/>
				<Label text="{i18n>territoryColumnLabel}" design="Bold" class="labelCls" required="true"/>
				<ComboBox visible="{= ${viewModel>/Group} === 'Mechanical' || ${viewModel>/Group} === 'M' || ${viewModel>/Group} === 'SM'}"
					value="{Territory}" selectedKey="{Territory}" id="changeMechTerriId" width="100%" showSecondaryValues="true" editable="true"
					selectionChange="onMechTerritorySelectionChange1" class="comboCls" filterSecondaryValues="true" enabled="true"
					change="onMechTerritoryChange"></ComboBox>
				<Label text="" visible="{= ${viewModel>/Group} === 'Mechanical' || ${viewModel>/Group} === 'M' || ${viewModel>/Group} === 'SM'}"/>
				<Text visible="{= ${viewModel>/Group} === 'Mechanical' || ${viewModel>/Group} === 'M' || ${viewModel>/Group} === 'SM'}"
					id="changeMechTerriIdDesc" text="{Territory}"/>
				<Label text="{i18n>posTypeLabel}" design="Bold" class="labelCls" required="true"/>
				<ComboBox visible="{= ${viewModel>/Group} === 'Mechanical' || ${viewModel>/Group} === 'M' || ${viewModel>/Group} === 'SM'}"
					value="{PosTypeDesc}" selectedKey="{PosType}" id="changeMechPosTypeId" width="100%" showSecondaryValues="true" change="onChange"
					editable="true" selectionChange="onMechPosTypeSelectionChange" class="comboCls" filterSecondaryValues="true"
					items="{mechPosTypeSuggModel>/results}">
					<core:ListItem key="{mechPosTypeSuggModel>PosValue}" text="{mechPosTypeSuggModel>PosType}" additionalText="{mechPosTypeSuggModel>PosValue}"></core:ListItem>
				</ComboBox>
				<Label text="{i18n>reportsToLabel}" design="Bold" class="labelCls"/>
				<Input visible="{= ${viewModel>/Group} === 'Mechanical' || ${viewModel>/Group} === 'M' || ${viewModel>/Group} === 'SM'}" width="100%"
					value="{AssignSupEmp} {= ${AssignSupEmpName} === '' ? ' ' : '-' } {AssignSupEmpName}" valueHelpRequest="onAssSupValueHelp"
					id="changeMechAssSup" showValueHelp="true" editable="false" class="rosterNoDesc valueHelpCls" liveChange="onAssignSupLiveChange"/>
				<Label text="" design="Bold" class="labelCls"/>
				<Input visible="{= ${viewModel>/Group} === 'Mechanical' || ${viewModel>/Group} === 'M' || ${viewModel>/Group} === 'SM'}" width="100%"
					value="{ADE} {= ${ADEName} === '' ? ' ' : '-' } {ADEName}" showValueHelp="false" id="changeMechAde" editable="false"/>
				<Label visible="{= ${viewModel>/Group} === 'Mechanical' || ${viewModel>/Group} === 'M' || ${viewModel>/Group} === 'SM'}" text=""
					design="Bold" class="labelCls"/>
				<Input visible="{= ${viewModel>/Group} === 'Mechanical' || ${viewModel>/Group} === 'M' || ${viewModel>/Group} === 'SM'}" width="100%"
					value="{DE} {= ${DEName} === '' ? ' ' : '-' } {DEName}" showValueHelp="false" id="changeMechDe" editable="false"/>
				<Label text="" design="Bold" class="labelCls"/>
				<Input visible="{= ${viewModel>/Group} === 'Mechanical' || ${viewModel>/Group} === 'M' || ${viewModel>/Group} === 'SM'}" width="100%"
					value="{CE} {= ${CEName} === '' ? ' ' : '-' } {CEName}" showValueHelp="false" id="changeMechCe" editable="false"/>
				<!--Mechanical Fields Column END-->
				<!--TCU Column1 Fields Start-->
				<Label visible="false" text="{i18n>posIdLabel}" design="Bold" class="labelCls"/>
				<Input visible="false" width="100%" showValueHelp="true" value="{PosId}" enabled="false" id="tcuChangePosId" class="valueHelpCls"></Input>
				<Label text="{i18n>posTitleLabel}" design="Bold" class="labelCls" visible="false"/>
				<Input visible="false" width="100%" value="{PosDesc}" showValueHelp="false" id="tcuChangePosTitleId" change="onChange" enabled="false"/>
				<Label text="{i18n>currentBulletinNoLabel}" design="Bold" class="labelCls"/>
				<Input visible="false" width="100%" value="{BullNo}" showValueHelp="false" id="tcuChangeBulletinNoId" enabled="false"/>
				<Label text="{i18n>totalRateLabel}" design="Bold" class="labelCls"/>
				<Input visible="false" width="100%" value="{TotRate}" showValueHelp="true" id="tcuChangeTotalRateId" enabled="false" class="valueHelpCls"></Input>
				<Label visible="false" text="{i18n>proratedRate}" design="Bold" class="labelCls"/>
				<Input visible="false" width="100%" value="{ProRate}" showValueHelp="false" id="tcuChangeProrataId" enabled="false"/>
				<Label text="{i18n>rosterLabel}" design="Bold" class="labelCls" required="true"/>
				<Input
					visible="{= ${viewModel>/Group} === 'TCU' || ${viewModel>/Group} === 'ATDA'|| ${viewModel>/Group} === 'Dispatchers'|| ${viewModel>/Group} === 'ILA'|| ${viewModel>/Group} === 'T'|| ${viewModel>/Group} === 'A'|| ${viewModel>/Group} === 'L'|| ${viewModel>/Group} === 'ST'|| ${viewModel>/Group} === 'SD'|| ${viewModel>/Group} === 'SL'}"
					width="200%" value="{RosterNo}" id="tcuChangeRosterId" change="onTcuRosterNoChange" showValueHelp="true" enabled="true"
					valueHelpRequest="onRosterNumberValueHelp" submit="onRosterNumberValueHelp" liveChange="onTCUATDARosterClear"
					class="rosterNoDesc valueHelpCls" description="{RosterNo}"></Input>
				<Label text=""
					visible="{= ${viewModel>/Group} === 'TCU' || ${viewModel>/Group} === 'ATDA'|| ${viewModel>/Group} === 'Dispatchers'|| ${viewModel>/Group} === 'ILA'|| ${viewModel>/Group} === 'T'|| ${viewModel>/Group} === 'A'|| ${viewModel>/Group} === 'L'|| ${viewModel>/Group} === 'ST'|| ${viewModel>/Group} === 'SD'|| ${viewModel>/Group} === 'SL'}"></Label>
				<Text text="{RostDesc}" id="chngTcuRosterDesc"
					visible="{= ${viewModel>/Group} === 'TCU' || ${viewModel>/Group} === 'ATDA'|| ${viewModel>/Group} === 'Dispatchers'|| ${viewModel>/Group} === 'ILA'|| ${viewModel>/Group} === 'T'|| ${viewModel>/Group} === 'A'|| ${viewModel>/Group} === 'L'|| ${viewModel>/Group} === 'ST'|| ${viewModel>/Group} === 'SD'|| ${viewModel>/Group} === 'SL'}"></Text>
				<Label text="{i18n>positionTypeLabel}" design="Bold" class="labelCls" required="true"/>
				<ComboBox
					visible="{= ${viewModel>/Group} === 'TCU' || ${viewModel>/Group} === 'ATDA'|| ${viewModel>/Group} === 'Dispatchers'|| ${viewModel>/Group} === 'ILA'|| ${viewModel>/Group} === 'T'|| ${viewModel>/Group} === 'A'|| ${viewModel>/Group} === 'L'|| ${viewModel>/Group} === 'ST'|| ${viewModel>/Group} === 'SD'|| ${viewModel>/Group} === 'SL'}"
					value="{PosTypeDesc}" selectedKey="{PosType}" id="tcuChangePosTypeId" width="100%" showSecondaryValues="true" change="onPosTypeChange"
					enabled="true" selectionChange="onPosTypeSelectionChange" filterSecondaryValues="true" items="{tcuPosTypeSuggModel>/results}"
					class="comboCls">
					<core:ListItem key="{tcuPosTypeSuggModel>PosValue}" text="{tcuPosTypeSuggModel>PosType}" additionalText="{tcuPosTypeSuggModel>PosValue}"></core:ListItem>
				</ComboBox>
				<Label text="{i18n>reportsToLabel}" design="Bold" class="labelCls"/>
				<Input
					visible="{= ${viewModel>/Group} === 'TCU' || ${viewModel>/Group} === 'ATDA'|| ${viewModel>/Group} === 'Dispatchers'|| ${viewModel>/Group} === 'ILA'|| ${viewModel>/Group} === 'T'|| ${viewModel>/Group} === 'A'|| ${viewModel>/Group} === 'L'|| ${viewModel>/Group} === 'ST'|| ${viewModel>/Group} === 'SD'|| ${viewModel>/Group} === 'SL'}"
					width="100%" value="{AssignSupEmp}{= ${AssignSupEmpName} === '' ? ' ' : '-' }{AssignSupEmpName}" valueHelpRequest="onAssSupValueHelp"
					id="changeTcuAssSup" showValueHelp="true" editable="false" class="rosterNoDesc valueHelpCls" liveChange="onAssignSupLiveChange"/>
				<Label text="" design="Bold" class="labelCls"/>
				<Input
					visible="{= ${viewModel>/Group} === 'TCU' || ${viewModel>/Group} === 'ATDA'|| ${viewModel>/Group} === 'Dispatchers'|| ${viewModel>/Group} === 'ILA'|| ${viewModel>/Group} === 'T'|| ${viewModel>/Group} === 'A'|| ${viewModel>/Group} === 'L'|| ${viewModel>/Group} === 'ST'|| ${viewModel>/Group} === 'SD'|| ${viewModel>/Group} === 'SL'}"
					width="100%" value="{ADE}{= ${ADEName} === '' ? ' ' : '-' }{ADEName}" showValueHelp="false" id="changeTcuAde" editable="false"/>
				<Label text="" design="Bold" class="labelCls"/>
				<Input
					visible="{= ${viewModel>/Group} === 'TCU' || ${viewModel>/Group} === 'ATDA'|| ${viewModel>/Group} === 'Dispatchers'|| ${viewModel>/Group} === 'ILA'|| ${viewModel>/Group} === 'T'|| ${viewModel>/Group} === 'A'|| ${viewModel>/Group} === 'L'|| ${viewModel>/Group} === 'ST'|| ${viewModel>/Group} === 'SD'|| ${viewModel>/Group} === 'SL'}"
					width="100%" value="{DE}{= ${DEName} === '' ? ' ' : '-' }{DEName}" showValueHelp="false" id="changeTcuDe" editable="false"/>
				<Label text="" design="Bold" class="labelCls"/>
				<Input
					visible="{= ${viewModel>/Group} === 'TCU' || ${viewModel>/Group} === 'ATDA'|| ${viewModel>/Group} === 'Dispatchers'|| ${viewModel>/Group} === 'ILA'|| ${viewModel>/Group} === 'T'|| ${viewModel>/Group} === 'A'|| ${viewModel>/Group} === 'L'|| ${viewModel>/Group} === 'ST'|| ${viewModel>/Group} === 'SD'|| ${viewModel>/Group} === 'SL'}"
					width="100%" value="{CE}{= ${CEName} === '' ? ' ' : '-' }{CEName}" showValueHelp="false" id="changeTcuCe" editable="false"/>
				<!--TCU Column 1 END-->
				<core:Title text=""></core:Title>
				<Label text="{i18n>gangDescriptionLabel}" design="Bold" class="labelCls"/>
				<Input visible="{= ${viewModel>/Group} === 'Engineering' || ${viewModel>/Group} === 'E' || ${viewModel>/Group} === 'SE'}" width="100%"
					value="{GangDesc}" showValueHelp="false" id="changeEngGangDesId" editable="false"/>
				<Label text="{i18n>gangIDLabel}" design="Bold" class="labelCls"/>
				<Input visible="{= ${viewModel>/Group} === 'Engineering' || ${viewModel>/Group} === 'E' || ${viewModel>/Group} === 'SE'}" width="100%"
					value="{GangId}" change="onChange" id="changeEngPosgangId" placeholder="Enter Employee Number" showValueHelp="true" type="Text"
					liveChange="onSupChange" suggest="handleSuggest" valueHelpRequest="onPosSupervisorReq" editable="false" class="valueHelpCls"></Input>
				<Label text="{i18n>rosterLabel}" design="Bold" class="labelCls" required="true"/>
				<Input visible="{= ${viewModel>/Group} === 'Engineering' || ${viewModel>/Group} === 'E' || ${viewModel>/Group} === 'SE'}" width="100%"
					value="{RosterNo}" id="changeEngRosterNumId" change="onEngRosterNoChange" showValueHelp="true" enabled="true"
					valueHelpRequest="onRosterNumberValueHelp" submit="onRosterNumberValueHelp" liveChange="onRosterClear"
					class="rosterNoDesc sInputs valueHelpCls"></Input>
				<Label text="" visible="{= ${viewModel>/Group} === 'Engineering' || ${viewModel>/Group} === 'E' || ${viewModel>/Group} === 'SE'}"></Label>
				<Text visible="{= ${viewModel>/Group} === 'Engineering' || ${viewModel>/Group} === 'E' || ${viewModel>/Group} === 'SE'}" text="{RostDesc}"
					id="chngRostDesc"></Text>
				<Label text="{i18n>priorRightsRosterLabel}" design="Bold" class="labelCls"/>
				<Input visible="{= ${viewModel>/Group} === 'Engineering' || ${viewModel>/Group} === 'E' || ${viewModel>/Group} === 'SE'}" width="100%"
					value="{PriorRightsRosterNo}" liveChange="onPRRosterClear" id="changeEngPRosterNumId" change="onEngRosterNoChange" showValueHelp="true"
					enabled="true" valueHelpRequest="onPRosterNumberValueHelp" submit="onPRosterNumberValueHelp" class="rosterNoDesc sInputs valueHelpCls"></Input>
				<Label text=""></Label>
				<Text visible="{= ${viewModel>/Group} === 'Engineering' || ${viewModel>/Group} === 'E' || ${viewModel>/Group} === 'SE'}"
					text="{PriorRightsRostDesc}" id="chngPRRostDesc"></Text>
				<Label text="{i18n>priorRightsDateLabel}" design="Bold" class="labelCls"/>
				<DatePicker visible="{= ${viewModel>/Group} === 'Engineering' || ${viewModel>/Group} === 'E' || ${viewModel>/Group} === 'SE'}" width="100%"
					id="changeEngPrDate" value="{PriorRightsDate}" displayFormat="MM/dd/yyyy" placeholder="MM/DD/YYYY" valueFormat="yyyyMMdd" editable="true"
					change="onPRdateChange" class="datePickerCls"/>
				<Label text="{i18n>railRoadCodeLabel}" design="Bold" class="labelCls" required="true"/>
				<ComboBox visible="{= ${viewModel>/Group} === 'Engineering' || ${viewModel>/Group} === 'E' || ${viewModel>/Group} === 'SE'}"
					value="{RRCode}" selectedKey="{RRCode}" id="changeEngRailRaodCodeId" width="100%" class="comboCls" showSecondaryValues="true"
					editable="true" selectionChange="onEngRrCodeSelectionChange" filterSecondaryValues="true" change="onEngRrCodeChange"
					items="{engRrCodeSuggModel>/results}">
					<core:ListItem key="{engRrCodeSuggModel>RRCode}" text="{engRrCodeSuggModel>RRCode}"></core:ListItem>
				</ComboBox>
				<Label text="{i18n>positionTypeLabel}" design="Bold" class="labelCls" required="true"/>
				<ComboBox visible="{= ${viewModel>/Group} === 'Engineering' || ${viewModel>/Group} === 'E' || ${viewModel>/Group} === 'SE'}"
					value="{PosTypeDesc}" selectedKey="{PosType}" id="changeEngPosType" width="100%" showSecondaryValues="true" editable="true"
					selectionChange="onEngPosTypeSelectionChange" filterSecondaryValues="true" change="onEngPosTypeChange"
					items="{engPosTypeSuggModel>/results}" class="comboCls">
					<core:ListItem key="{engPosTypeSuggModel>PosValue}" text="{engPosTypeSuggModel>PosType}" additionalText="{engPosTypeSuggModel>PosValue}"></core:ListItem>
				</ComboBox>
				<Label text="{i18n>positionTypeLabel}" design="Bold" class="labelCls"/>
				<Input visible="{= ${viewModel>/Group} === 'Engineering' || ${viewModel>/Group} === 'E' || ${viewModel>/Group} === 'SE'}" width="100%"
					value="Permanent" editable="false"></Input>
				<Label text="{i18n>milePostLabel}" design="Bold" class="labelCls"/>
				<Input visible="{= ${viewModel>/Group} === 'Engineering' || ${viewModel>/Group} === 'E' || ${viewModel>/Group} === 'SE'}" width="100%"
					value="{MilePost}" change="onEngMilePostChange" showValueHelp="false" id="changeEngMilePostId" editable="true"></Input>
				<Label text="{i18n>reportsToLabel}" design="Bold" class="labelCls"/>
				<Input visible="{= ${viewModel>/Group} === 'Engineering' || ${viewModel>/Group} === 'E' || ${viewModel>/Group} === 'SE'}" width="100%"
					value="{AssignSupEmp}{= ${AssignSupEmpName} === '' ? ' ' : '-' }{AssignSupEmpName}" valueHelpRequest="onAssSupValueHelp"
					id="changeEngAssSup" showValueHelp="true" editable="false" class="rosterNoDesc valueHelpCls" liveChange="onAssignSupLiveChange"/>
				<Label text="" design="Bold" class="labelCls"/>
				<Input visible="{= ${viewModel>/Group} === 'Engineering' || ${viewModel>/Group} === 'E' || ${viewModel>/Group} === 'SE'}" width="100%"
					value="{ADE}{= ${ADEName} === '' ? ' ' : '-' }{ADEName}" showValueHelp="false" id="changeEngAde" editable="false"/>
				<Label text="" design="Bold" class="labelCls"/>
				<Input visible="{= ${viewModel>/Group} === 'Engineering' || ${viewModel>/Group} === 'E' || ${viewModel>/Group} === 'SE'}" width="100%"
					value="{DE}{= ${DEName} === '' ? ' ' : '-' }{DEName}" showValueHelp="false" id="changeEngDe" editable="false"/>
				<Label text="" design="Bold" class="labelCls"/>
				<Input visible="{= ${viewModel>/Group} === 'Engineering' || ${viewModel>/Group} === 'E' || ${viewModel>/Group} === 'SE'}" width="100%"
					value="{CE}{= ${CEName} === '' ? ' ' : '-' }{CEName}" showValueHelp="false" id="changeEngCe" editable="false"/>
				<!--<Mechanical Coloum 2-->
				<Label text="{i18n>workScheduleCodeLabel}" design="Bold" class="labelCls" required="true"/>
				<Input visible="{= ${viewModel>/Group} === 'Mechanical' || ${viewModel>/Group} === 'M' || ${viewModel>/Group} === 'SM'}" value="{WorkSch}"
					valueHelpRequest="onWorkSchValueHelp" showValueHelp="true" id="changeMechWorkSchId" width="100%" editable="true"
					change="onMechWorkSchChange" class="valueHelpCls"></Input>
				<Label text="{i18n>hoursLabel}" design="Bold" class="labelCls"/>
				<Input visible="{= ${viewModel>/Group} === 'Mechanical' || ${viewModel>/Group} === 'M' || ${viewModel>/Group} === 'SM'}" width="100%"
					value="{Shifts}" showValueHelp="false" id="mechChangeShiftTimings" editable="false"></Input>
				<Label text="{i18n>resrDaysLabel}" design="Bold" class="labelCls"/>
				<Input visible="{= ${viewModel>/Group} === 'Mechanical' || ${viewModel>/Group} === 'M' || ${viewModel>/Group} === 'SM'}" width="100%"
					value="{RestDays}" showValueHelp="false" id="mechChangeResetDays" editable="false"></Input>
				<Label text="{i18n>mealPeriodLabel}" design="Bold" class="labelCls"/>
				<Input visible="{= ${viewModel>/Group} === 'Mechanical' || ${viewModel>/Group} === 'M' || ${viewModel>/Group} === 'SM'}" width="100%"
					value="{BreakDuration}" showValueHelp="false" id="mechChangeBreakPeriods" editable="false"></Input>
				<Label text="{i18n>mondayLabel}" design="Bold" class="labelCls"/>
				<ComboBox visible="{= ${viewModel>/Group} === 'Mechanical' || ${viewModel>/Group} === 'M' || ${viewModel>/Group} === 'SM'}" width="100%"
					value="{Monday}" id="mechChangMondayDays" class="comboCls" change="onMechWeekChangeChange" items="{mechAreaData>/results}">
					<core:ListItem key="{mechAreaData>Area}" text="{mechAreaData>Area}"></core:ListItem>
				</ComboBox>
				<Label text="{i18n>tuesdayLabel}" design="Bold" class="labelCls"/>
				<ComboBox visible="{= ${viewModel>/Group} === 'Mechanical' || ${viewModel>/Group} === 'M' || ${viewModel>/Group} === 'SM'}" width="100%"
					value="{Tuesday}" change="onMechWeekChangeChange" class="comboCls" id="mechChangTuesdayDays" items="{mechAreaData>/results}">
					<core:ListItem key="{mechAreaData>Area}" text="{mechAreaData>Area}"></core:ListItem>
				</ComboBox>
				<Label text="{i18n>wednesdayLabel}" design="Bold" class="labelCls"/>
				<ComboBox visible="{= ${viewModel>/Group} === 'Mechanical' || ${viewModel>/Group} === 'M' || ${viewModel>/Group} === 'SM'}" width="100%"
					value="{Wednesday}" class="comboCls" change="onMechWeekChangeChange" id="mechChangWednesdayDays" items="{mechAreaData>/results}">
					<core:ListItem key="{mechAreaData>Area}" text="{mechAreaData>Area}"></core:ListItem>
				</ComboBox>
				<Label text="{i18n>thursdayLabel}" design="Bold" class="labelCls"/>
				<ComboBox visible="{= ${viewModel>/Group} === 'Mechanical' || ${viewModel>/Group} === 'M' || ${viewModel>/Group} === 'SM'}" width="100%"
					value="{Thursday}" class="comboCls" id="mechChangThursdayDays" change="onMechWeekChangeChange" items="{mechAreaData>/results}">
					<core:ListItem key="{mechAreaData>Area}" text="{mechAreaData>Area}"></core:ListItem>
				</ComboBox>
				<Label text="{i18n>fridayLabel}" design="Bold" class="labelCls"/>
				<ComboBox visible="{= ${viewModel>/Group} === 'Mechanical' || ${viewModel>/Group} === 'M' || ${viewModel>/Group} === 'SM'}" width="100%"
					value="{Friday}" class="comboCls" change="onMechWeekChangeChange" id="mechChangFridayDays" items="{mechAreaData>/results}">
					<core:ListItem key="{mechAreaData>Area}" text="{mechAreaData>Area}"></core:ListItem>
				</ComboBox>
				<Label text="{i18n>saturdayLabel}" design="Bold" class="labelCls"/>
				<ComboBox visible="{= ${viewModel>/Group} === 'Mechanical' || ${viewModel>/Group} === 'M' || ${viewModel>/Group} === 'SM'}" width="100%"
					value="{Saturday}" class="comboCls" id="mechChangSaturdayDays" change="onMechWeekChangeChange" items="{mechAreaData>/results}">
					<core:ListItem key="{mechAreaData>Area}" text="{mechAreaData>Area}"></core:ListItem>
				</ComboBox>
				<Label text="{i18n>sundayLabel}" design="Bold" class="labelCls"/>
				<ComboBox visible="{= ${viewModel>/Group} === 'Mechanical' || ${viewModel>/Group} === 'M' || ${viewModel>/Group} === 'SM'}" width="100%"
					value="{Sunday}" class="comboCls" change="onMechWeekChangeChange" id="mechChangSundayDays" items="{mechAreaData>/results}">
					<core:ListItem key="{mechAreaData>Area}" text="{mechAreaData>Area}"></core:ListItem>
				</ComboBox>
				<Label text="{i18n>skillDifferentialLabel}" design="Bold" class="labelCls"/>
				<ComboBox visible="{= ${viewModel>/Group} === 'Mechanical' || ${viewModel>/Group} === 'M' || ${viewModel>/Group} === 'SM'}"
					value="{SkillDiffDesc}" selectedKey="{SkillDiff}" id="mechpayskillDiffEditId" width="100%" showSecondaryValues="true"
					selectionChange="onSkillDiffChangeMech" filterSecondaryValues="true" items="{SkillDiffSuggModel>/results}" class="comboCls">
					<core:ListItem key="{SkillDiffSuggModel>SkillDiffKey}" text="{SkillDiffSuggModel>SkillDiffValue}"
						additionalText="{SkillDiffSuggModel>SkillDiffKey}"></core:ListItem>
				</ComboBox>
				<!--<Label text="{i18n>agreementCodeLabel}" design="Bold" class="labelCls" required="true" visible="false"/>-->
				<!--<ComboBox visible="false" value="{AggCode}" class="comboCls" selectedKey="{AggCode}" id="changeMechAgreementId" width="100%"-->
				<!--	showSecondaryValues="true" change="onMechWeekChangeChange" editable="true" selectionChange="onMechAggrSelectionChange"-->
				<!--	filterSecondaryValues="true"></ComboBox>-->
				<!-- Mechanical Column 2 END-->
				<!--TCU Column2 STart-->
				<Label text="{i18n>priorRightsRosterLabel}" design="Bold" class="labelCls" visible="false"/>
				<Input width="100%" visible="false" value="{PriorRightsRosterNo}" id="changetcuPRosterNumId" change="onEngRosterNoChange"
					showValueHelp="true" enabled="true" submit="onPRosterNumberValueHelp" valueHelpRequest="onPRosterNumberValueHelp"
					class="rosterNoDesc valueHelpCls" description="{PriorRightsRosterNo}"></Input>
				<Label text="{i18n>priorRightsDateLabel}" design="Bold" class="labelCls" visible="false"/>
				<DatePicker width="100%" visible="false" id="changetcuPrDate" value="{PriorRightsDate}" displayFormat="MM/dd/yyyy" placeholder="MM/DD/YYYY"
					change="onDateSelection" valueFormat="yyyyMMdd" editable="true" class="datePickerCls"/>
				<Label text="{i18n>workScheduleCodeLabel}" design="Bold" class="labelCls" required="true"/>
				<VBox>
					<Input
						visible="{= ${viewModel>/Group} === 'TCU' || ${viewModel>/Group} === 'ATDA'|| ${viewModel>/Group} === 'Dispatchers'|| ${viewModel>/Group} === 'ILA'|| ${viewModel>/Group} === 'T'|| ${viewModel>/Group} === 'A'|| ${viewModel>/Group} === 'L'|| ${viewModel>/Group} === 'ST'|| ${viewModel>/Group} === 'SD'|| ${viewModel>/Group} === 'SL'}"
						value="{WorkSch}" id="tcuChangeWorkSchId" editable="{= ${PosType} !== '3'}" width="100%" showValueHelp="true"
						valueHelpRequest="onWorkSchValueHelp" change="onTcuWrkSchChange" class="valueHelpCls"></Input>
					<Text text="{i18n>extraBoard/Relief}" id="tcnote" visible="{= ${WorkSch} === 'FLEXIBLE'}"></Text>
				</VBox>
				<Label text="{i18n>hoursLabel}" design="Bold" class="labelCls"/>
				<Input
					visible="{= ${viewModel>/Group} === 'TCU' || ${viewModel>/Group} === 'ATDA'|| ${viewModel>/Group} === 'Dispatchers'|| ${viewModel>/Group} === 'ILA'|| ${viewModel>/Group} === 'T'|| ${viewModel>/Group} === 'A'|| ${viewModel>/Group} === 'L'|| ${viewModel>/Group} === 'ST'|| ${viewModel>/Group} === 'SD'|| ${viewModel>/Group} === 'SL'}"
					width="100%" value="{ShiftStatTime}-{ShiftEndTime}" showValueHelp="false" id="tcuChangeShiftTimings" editable="false"></Input>
				<Label text="{i18n>resrDaysLabel}" design="Bold" class="labelCls"/>
				<Input
					visible="{= ${viewModel>/Group} === 'TCU' || ${viewModel>/Group} === 'ATDA'|| ${viewModel>/Group} === 'Dispatchers'|| ${viewModel>/Group} === 'ILA'|| ${viewModel>/Group} === 'T'|| ${viewModel>/Group} === 'A'|| ${viewModel>/Group} === 'L'|| ${viewModel>/Group} === 'ST'|| ${viewModel>/Group} === 'SD'|| ${viewModel>/Group} === 'SL'}"
					width="100%" value="{RestDays}" showValueHelp="false" id="tcuChangeResetDays" editable="false"></Input>
				<Label text="{i18n>mealPeriodLabel}" design="Bold" class="labelCls"/>
				<Input
					visible="{= ${viewModel>/Group} === 'TCU' || ${viewModel>/Group} === 'ATDA'|| ${viewModel>/Group} === 'Dispatchers'|| ${viewModel>/Group} === 'ILA'|| ${viewModel>/Group} === 'T'|| ${viewModel>/Group} === 'A'|| ${viewModel>/Group} === 'L'|| ${viewModel>/Group} === 'ST'|| ${viewModel>/Group} === 'SD'|| ${viewModel>/Group} === 'SL'}"
					width="100%" value="{BreakDuration}" showValueHelp="false" id="tcuChangeBreakPeriods" editable="false"></Input>
				<Label text="{i18n>deptColumnLabel}" design="Bold" class="labelCls" required="{= ${FlagDeptMandt} === 'X'}"/>
				<ComboBox
					visible="{= ${viewModel>/Group} === 'TCU' || ${viewModel>/Group} === 'ATDA'|| ${viewModel>/Group} === 'Dispatchers'|| ${viewModel>/Group} === 'ILA'|| ${viewModel>/Group} === 'T'|| ${viewModel>/Group} === 'A'|| ${viewModel>/Group} === 'L'|| ${viewModel>/Group} === 'ST'|| ${viewModel>/Group} === 'SD'|| ${viewModel>/Group} === 'SL'}"
					value="{Department}" selectedKey="{DepartmentCode}" enabled="{= ${FlagDeptMandt} === 'X'}" id="tcuChangeDepartmentId" width="100%"
					showSecondaryValues="true" filterSecondaryValues="true" items="{TCUDepartmentSuggDropdown>/results}" change="onChangeTcuDepart"
					class="comboCls">
					<core:ListItem key="{TCUDepartmentSuggDropdown>DeptKey}" text="{TCUDepartmentSuggDropdown>DeptValue}"></core:ListItem>
				</ComboBox>
				<Label text="Desk" design="Bold" id="deskLableChangeId" class="labelCls" visible="false"/>
				<ComboBox value="{DeskNum}" items="{DeskNumberJSModel>/results}" placeholder="Select Desk Number" id="deskNumChangeId" width="100%"
					showSecondaryValues="true" change="onDeskChange" class="comboCls" selectionChange="onDeskChange" enabled="true" filterSecondaryValues="true"
					visible="false">
					<core:ListItem key="{DeskNumberJSModel>Desk_Num}" text="{DeskNumberJSModel>Desk_Num_Desc}" additionalText="{DeskNumberJSModel>Desk_Num}"></core:ListItem>
				</ComboBox>
				<Label text="{i18n>agreementCodeLabel}" design="Bold" class="labelCls" required="true" visible="false"/>
				<ComboBox visible="false" id="tcuChangeAgreementId" value="{AggCode}" width="100%" showSecondaryValues="true" change="onTcuAggrSChange"
					selectionChange="onTcuAggrSelectionChange" filterSecondaryValues="true" class="comboCls"></ComboBox>
				<Label text="{i18n>PayrollGrouping}" design="Bold" class="labelCls"/>
				<ComboBox
					visible="{= ${viewModel>/Group} === 'TCU' || ${viewModel>/Group} === 'ATDA'|| ${viewModel>/Group} === 'Dispatchers'|| ${viewModel>/Group} === 'ILA'|| ${viewModel>/Group} === 'T'|| ${viewModel>/Group} === 'A'|| ${viewModel>/Group} === 'L'|| ${viewModel>/Group} === 'ST'|| ${viewModel>/Group} === 'SD'|| ${viewModel>/Group} === 'SL'}"
					id="CTcuPayrollGrouping" selectedKey="{Selpaygroup}" width="100%" showSecondaryValues="true" change="onTcuPaySelectionChange" enabled="true"
					class="comboCls" items="{tcuPaySuggModel>/results}">
					<core:ListItem key="{tcuPaySuggModel>Value}" text="{tcuPaySuggModel>Value}" additionalText="{tcuPaySuggModel>Description}"></core:ListItem>
				</ComboBox>
				<!--TCU Column 2 END-->
				<core:Title text=""></core:Title>
				<Label text="{i18n>currentBulletinNoLabel}" design="Bold" class="labelCls"/>
				<Input visible="{= ${viewModel>/Group} === 'Engineering' || ${viewModel>/Group} === 'E' || ${viewModel>/Group} === 'SE'}" width="100%"
					value="{BullNo}" showValueHelp="false" id="changeEngBulletinNoId" editable="false"/>
				<Label text="{i18n>workScheduleCodeLabel}" design="Bold" class="labelCls" required="true"/>
				<Input visible="{= ${viewModel>/Group} === 'Engineering' || ${viewModel>/Group} === 'E' || ${viewModel>/Group} === 'SE'}" value="{WorkSch}"
					valueHelpRequest="onWorkSchValueHelp" showValueHelp="true" id="changeEngWorkSch" width="100%" editable="true" change="onEngWorkSchChange"
					class="valueHelpCls"></Input>
				<Label text="{i18n>hoursLabel}" design="Bold" class="labelCls"/>
				<Input visible="{= ${viewModel>/Group} === 'Engineering' || ${viewModel>/Group} === 'E' || ${viewModel>/Group} === 'SE'}" width="100%"
					value="{Shifts}" showValueHelp="false" id="engChngShiftTimings" editable="false"></Input>
				<Label text="{i18n>resrDaysLabel}" design="Bold" class="labelCls"/>
				<Input visible="{= ${viewModel>/Group} === 'Engineering' || ${viewModel>/Group} === 'E' || ${viewModel>/Group} === 'SE'}" width="100%"
					value="{RestDays}" showValueHelp="false" id="engChngResetDays" editable="false"></Input>
				<Label text="{i18n>mealPeriodLabel}" design="Bold" class="labelCls"/>
				<Input visible="{= ${viewModel>/Group} === 'Engineering' || ${viewModel>/Group} === 'E' || ${viewModel>/Group} === 'SE'}" width="100%"
					value="{BreakDuration}" showValueHelp="false" id="engChngBreakPeriods" editable="false"></Input>
				<Label text="{i18n>ruleLable}" design="Bold" class="labelCls"/>
				<Input visible="{= ${viewModel>/Group} === 'Engineering' || ${viewModel>/Group} === 'E' || ${viewModel>/Group} === 'SE'}" width="100%"
					value="{Rule}" showValueHelp="false" id="changeEngRule" editable="true" change="EngRuleChange"/>
				<Label text="{i18n>jpLabel}" design="Bold" class="labelCls"/>
				<Input visible="{= ${viewModel>/Group} === 'Engineering' || ${viewModel>/Group} === 'E' || ${viewModel>/Group} === 'SE'}" width="100%"
					value="{JPId}" showValueHelp="false" id="changeEngJpId" editable="false" change="onChangeEngJpid"/>
				<Label text="{i18n>clonedFromLabel}" design="Bold" class="labelCls"/>
				<Input visible="{= ${viewModel>/Group} === 'Engineering' || ${viewModel>/Group} === 'E' || ${viewModel>/Group} === 'SE'}" width="100%"
					value="{SourcePos}" showValueHelp="false" id="changeEngPosSourcePosId" editable="false"/>
				<Label text="{i18n>nedJobCode}" design="Bold" class="labelCls"/>
				<Input visible="{= ${viewModel>/Group} === 'Engineering' || ${viewModel>/Group} === 'E' || ${viewModel>/Group} === 'SE'}" width="100%"
					value="{NEEDSJobCode}" showValueHelp="false" change="onEngNedsChange" id="changeEngNedsId" editable="false"/>
				<Label text="{i18n>bulletinCommentsLabel}" design="Bold" class="labelCls"/>
				<TextArea visible="{= ${viewModel>/Group} === 'Engineering' || ${viewModel>/Group} === 'E' || ${viewModel>/Group} === 'SE'}" rows="3"
					cols="40" width="100%" value="{BullComm}" id="changeEngBulletinCommId" change="onBulletinChange" editable="true" liveChange="onEngBullChan"></TextArea>
				<Label text="{i18n>intCommentsLabel}" design="Bold" class="labelCls"/>
				<TextArea visible="{= ${viewModel>/Group} === 'Engineering' || ${viewModel>/Group} === 'E' || ${viewModel>/Group} === 'SE'}" rows="3"
					cols="40" width="100%" change="onINBulletinChange" value="{IntComm}" id="changeEngintCommId" editable="true"/>
				<Label text="{i18n>agreementCodeLabel}" design="Bold" class="labelCls" required="true"/>
				<ComboBox visible="{= ${viewModel>/Group} === 'Engineering' || ${viewModel>/Group} === 'E' || ${viewModel>/Group} === 'SE'}"
					value="{AggCode}" selectedKey="{AggCode}" id="changeEngAggrCode" width="100%" showSecondaryValues="true" editable="true"
					selectionChange="onEngAggrSelectionChange" filterSecondaryValues="true" change="onEngAggrChange" class="comboCls"></ComboBox>
				<Label text="{i18n>PayrollGrouping}" design="Bold" class="labelCls"/>
				<ComboBox visible="{= ${viewModel>/Group} === 'Engineering' || ${viewModel>/Group} === 'E' || ${viewModel>/Group} === 'SE'}"
					id="CEnaPayrollGrouping" selectedKey="{Selpaygroup}" width="100%" showSecondaryValues="true" change="onEngHeadQuaterChange" enabled="true"
					class="comboCls" items="{engPaySuggModel>/results}">
					<core:ListItem key="{engPaySuggModel>Value}" text="{engPaySuggModel>Value}" additionalText="{engPaySuggModel>Description}"></core:ListItem>
				</ComboBox>
				<Label visible="false"></Label>
				<Button id="engBullCommentEditBtn" icon="sap-icon://edit" press="onEngBullCommentEdit" type="Emphasized" width="20%"
					class="sapUiTinyMarginBegin clsBtnColorYellowGreen" visible="false"/>
				<!--Mechanical column 3 fields-->
				<Label text="{i18n>rosterLabel}" design="Bold" class="labelCls" required="true"/>
				<Input visible="{= ${viewModel>/Group} === 'Mechanical' || ${viewModel>/Group} === 'M' || ${viewModel>/Group} === 'SM'}" width="100%"
					value="{RosterNo}" id="changeMechRosterId" change="onMechRosterChange" showValueHelp="true" enabled="true"
					valueHelpRequest="onRosterNumberValueHelp" submit="onRosterNumberValueHelp" class="rosterNoDesc valueHelpCls"></Input>
				<Label text="" visible="{= ${viewModel>/Group} === 'Mechanical' || ${viewModel>/Group} === 'M' || ${viewModel>/Group} === 'SM'}"></Label>
				<Text text="{RostDesc}" id="chngMechRostDesc"
					visible="{= ${viewModel>/Group} === 'Mechanical' || ${viewModel>/Group} === 'M' || ${viewModel>/Group} === 'SM'}"></Text>
				<Label text="{i18n>priorRightsRosterLabel}" design="Bold" class="labelCls"/>
				<Input visible="{= ${viewModel>/Group} === 'Mechanical' || ${viewModel>/Group} === 'M' || ${viewModel>/Group} === 'SM'}" width="100%"
					value="{PriorRightsRosterNo}" id="changeMechPRosterNumId" change="onEngRosterNoChange" showValueHelp="true" enabled="true"
					valueHelpRequest="onPRosterNumberValueHelp" submit="onPRosterNumberValueHelp" class="rosterNoDesc valueHelpCls"></Input>
				<Label text="" visible="{= ${viewModel>/Group} === 'Mechanical' || ${viewModel>/Group} === 'M' || ${viewModel>/Group} === 'SM'}"></Label>
				<Text text="{PriorRightsRostDesc}" id="chngMechPRRostDesc"
					visible="{= ${viewModel>/Group} === 'Mechanical' || ${viewModel>/Group} === 'M' || ${viewModel>/Group} === 'SM'}"></Text>
				<Label text="{i18n>priorRightsDateLabel}" design="Bold" class="labelCls"/>
				<DatePicker visible="{= ${viewModel>/Group} === 'Mechanical' || ${viewModel>/Group} === 'M' || ${viewModel>/Group} === 'SM'}" width="100%"
					id="changeMechPrDate" value="{PriorRightsDate}" displayFormat="MM/dd/yyyy" placeholder="MM/DD/YYYY" change="onDateSelection"
					valueFormat="yyyyMMdd" editable="true" class="datePickerCls"/>
				<Label text="{i18n>bulletinCommentsLabel}" design="Bold" class="labelCls"/>
				<TextArea visible="{= ${viewModel>/Group} === 'Mechanical' || ${viewModel>/Group} === 'M' || ${viewModel>/Group} === 'SM'}" rows="3"
					cols="40" width="100%" value="{BullComm}" change="onBulletinChange" id="changeMechBulletinCommId" editable="true"
					liveChange="onMechBullCommentsChange"/>
				<Label text="{i18n>intCommentsLabel}" design="Bold" class="labelCls"/>
				<TextArea visible="{= ${viewModel>/Group} === 'Mechanical' || ${viewModel>/Group} === 'M' || ${viewModel>/Group} === 'SM'}" rows="3"
					cols="40" liveChange="onMechBullCommentsChange" width="100%" value="{IntComm}" id="changeMechintCommId" editable="true"/>
				<Label visible="false"></Label>
				<Button visible="false" id="mechBullCommentEditBtn" icon="sap-icon://edit" press="onMechBullCommentEdit" type="Emphasized"
					class="sapUiTinyMarginBegin clsBtnColorYellowGreen" width="20%"/>
				<Label visible="false" text="No Bid" design="Bold" class="labelCls"/>
				<CheckBox visible="false" id="changeMechNoBidId" editable="false" selected="{parts:[{path:'NoBid'}], formatter:'.checkBoxFormatter'}"
					class="checkBoxCls"></CheckBox>
				<Label text="{i18n>PayrollGrouping}" design="Bold" class="labelCls"/>
				<ComboBox visible="{= ${viewModel>/Group} === 'Mechanical' || ${viewModel>/Group} === 'M' || ${viewModel>/Group} === 'SM'}"
					id="CMecPayrollGrouping" width="100%" selectedKey="{Selpaygroup}" showSecondaryValues="true" change="onMechWeekChangeChange" enabled="true"
					class="comboCls" items="{mecPaySuggModel>/results}">
					<core:ListItem key="{mecPaySuggModel>Value}" text="{mecPaySuggModel>Value}" additionalText="{mecPaySuggModel>Description}"></core:ListItem>
				</ComboBox>
				<Label text="{i18n>obsoleteLabel}" design="Bold" class="labelCls"/>
				<CheckBox visible="{= ${viewModel>/Group} === 'Mechanical' || ${viewModel>/Group} === 'M' || ${viewModel>/Group} === 'SM'}"
					id="MechObsolete" editable="false" selected="{parts:[{path:'ObsFlag'}], formatter:'.checkBoxFormatter'}" class="checkBoxCls"></CheckBox>
				<!--TCU Column 3 Start-->
				<Label text="{i18n>pad/fenceLabel}" design="Bold" class="labelCls" required="true"/>
				<ComboBox
					visible="{= ${viewModel>/Group} === 'TCU' || ${viewModel>/Group} === 'ATDA'|| ${viewModel>/Group} === 'Dispatchers'|| ${viewModel>/Group} === 'ILA'|| ${viewModel>/Group} === 'T'|| ${viewModel>/Group} === 'A'|| ${viewModel>/Group} === 'L'|| ${viewModel>/Group} === 'ST'|| ${viewModel>/Group} === 'SD'|| ${viewModel>/Group} === 'SL'}"
					id="tcuChangePadfenceId" value="{PadFenceDesc}" selectedKey="{PadFence}" width="100%" showSecondaryValues="true"
					change="onTcuPadFenceChange" selectionChange="onTcuPadFenceSelectionChange" filterSecondaryValues="true"
					items="{tcuPadFenceSuggModel>/results}" class="comboCls">
					<core:ListItem key="{tcuPadFenceSuggModel>Pfcode}" text="{tcuPadFenceSuggModel>PF}" additionalText="{tcuPadFenceSuggModel>Pfcode}"></core:ListItem>
				</ComboBox>
				<Label text="{i18n>bulletinCommentsLabel}" design="Bold" class="labelCls"/>
				<TextArea
					visible="{= ${viewModel>/Group} === 'TCU' || ${viewModel>/Group} === 'ATDA'|| ${viewModel>/Group} === 'Dispatchers'|| ${viewModel>/Group} === 'ILA'|| ${viewModel>/Group} === 'T'|| ${viewModel>/Group} === 'A'|| ${viewModel>/Group} === 'L'|| ${viewModel>/Group} === 'ST'|| ${viewModel>/Group} === 'SD'|| ${viewModel>/Group} === 'SL'}"
					rows="3" cols="40" width="100%" value="{BullComm}" id="tcuChangeBulletinCommId" change="onBulletinChange" enabled="true"
					liveChange="onTcuBull"/>
				<Label text="{i18n>intCommentsLabel}" design="Bold" class="labelCls"/>
				<TextArea
					visible="{= ${viewModel>/Group} === 'TCU' || ${viewModel>/Group} === 'ATDA'|| ${viewModel>/Group} === 'Dispatchers'|| ${viewModel>/Group} === 'ILA'|| ${viewModel>/Group} === 'T'|| ${viewModel>/Group} === 'A'|| ${viewModel>/Group} === 'L'|| ${viewModel>/Group} === 'ST'|| ${viewModel>/Group} === 'SD'|| ${viewModel>/Group} === 'SL'}"
					rows="3" cols="40" width="100%" value="{IntComm}" id="tcuChangeintCommId" editable="true"/>
				<Label visible="false"></Label>
				<Button visible="false" id="tcuBullCommentEditBtn" icon="sap-icon://edit" press="onTcuBullCommentEdit" type="Emphasized"
					class="sapUiTinyMarginBegin clsBtnColorYellowGreen" width="20%"/>
				<Label text="{i18n>noBidLabel}" design="Bold" class="labelCls"/>
				<CheckBox
					visible="{= ${viewModel>/Group} === 'TCU' || ${viewModel>/Group} === 'ATDA'|| ${viewModel>/Group} === 'Dispatchers'|| ${viewModel>/Group} === 'ILA'|| ${viewModel>/Group} === 'T'|| ${viewModel>/Group} === 'A'|| ${viewModel>/Group} === 'L'|| ${viewModel>/Group} === 'ST'|| ${viewModel>/Group} === 'SD'|| ${viewModel>/Group} === 'SL'}"
					id="tcuChangeNoBidId" enabled="false" selected="{parts:[{path:'NoBid'}], formatter:'.checkBoxFormatter'}" class="checkBoxCls"></CheckBox>
				<Label text="{i18n>obsoleteLabel}" design="Bold" class="labelCls"/>
				<CheckBox
					visible="{= ${viewModel>/Group} === 'TCU' || ${viewModel>/Group} === 'ATDA'|| ${viewModel>/Group} === 'Dispatchers'|| ${viewModel>/Group} === 'ILA'|| ${viewModel>/Group} === 'T'|| ${viewModel>/Group} === 'A'|| ${viewModel>/Group} === 'L'|| ${viewModel>/Group} === 'ST'|| ${viewModel>/Group} === 'SD'|| ${viewModel>/Group} === 'SL'}"
					id="TcuObsolete" editable="false" selected="{parts:[{path:'ObsFlag'}], formatter:'.checkBoxFormatter'}" class="checkBoxCls"></CheckBox>
				<Text id="cdepFlag" text="{FlagDeptMandt}" visible="false"></Text>
			</f:content>
		</f:SimpleForm>
	</VBox>
</core:FragmentDefinition>