<!--<core:FragmentDefinition xmlns="sap.m" xmlns:core="sap.ui.core">-->
<!--	<SelectDialog id="positionIdTable" title="{i18n>positionIdTitle}" class="sapUiSizeCompact clsDialog clsDialogue" search="onPositionIdSearch"-->
<!--		confirm="onPositionIdSubmit" cancel="onPositionIdSubmit" items="{path:'modelData>/results'}">-->
<!--		<StandardListItem id="posListItemId" title="{modelData>PositionId}" description="{modelData>PosDesc}"/>-->
<!--	</SelectDialog>-->
<!--</core:FragmentDefinition>-->
<core:FragmentDefinition xmlns="sap.m" xmlns:core="sap.ui.core">
	<Dialog id="positionIdTable" title="{i18n>positionIdTitle}" class="sapUiSizeCompact dialog">
		<IconTabBar select="handleIconTabBarSelect" id="posSearchTabBar"
			class="clsITBarCls">
			<items>
				<IconTabFilter text="{i18n>posIdDialogTitle}" key="PositionId">
					<Toolbar class="toolBarCls">
						<SearchField width="100%" class="searchFieldCls" placeholder="Position" search="onPosSearch"/>
					</Toolbar>
				</IconTabFilter>
				<IconTabFilter text="{i18n>UnionLabel}" key="Union">
					<Toolbar class="toolBarCls">
						<ComboBox showSecondaryValues="true" 
							items="{path:'/RostDropdownSet', filters: [ { path: 'Value', operator: 'EQ', value1: 'E' }, { path: 'Key', operator: 'EQ', value1: 'U' }]}"
							loadItems="onUnionDropDown" selectionChange="onPosSearch" width="60%" placeholder="{i18n>selUnion}" class="comboCls">
							<core:ListItem key="{Description}" text="{Value}" additionalText="{Description}"/>
						</ComboBox>
					</Toolbar>
				</IconTabFilter>
				<IconTabFilter text="{i18n>assignedSupervisor}" key="AssignedSupervisor">
					<Toolbar class="toolBarCls">
						<ComboBox showSecondaryValues="true" 
							items="{path:'/RostDropdownSet', filters: [ { path: 'Value', operator: 'EQ', value1: 'E' }, { path: 'Key', operator: 'EQ', value1: 'U' }]}"
							loadItems="onUnionDropDown" selectionChange="onPosSearch" width="60%" placeholder="Supervisor">
							<core:ListItem key="{Description}" text="{Value}" additionalText="{Description}"/>
						</ComboBox>
					</Toolbar>
				</IconTabFilter>
				<IconTabFilter text="{i18n>divColumnLabel}" key="Division">
					<Toolbar class="toolBarCls">
						<ComboBox showSecondaryValues="true" 
							items="{path:'/RostDropdownSet', filters: [ { path: 'Value', operator: 'EQ', value1: 'E' }, { path: 'Key', operator: 'EQ', value1: 'D' }]}"
							loadItems="onUnionDropDown" selectionChange="onPosSearch" width="60%" placeholder="Division" class="comboCls">
							<core:ListItem key="{Description}" text="{Value}" additionalText="{Description}"/>
						</ComboBox>
					</Toolbar>
				</IconTabFilter>
				<IconTabFilter text="{i18n>cityTabText}" key="City">
					<Toolbar class="toolBarCls">
						<SearchField width="100%" class="searchFieldCls"  placeholder="City" search="onPosSearch"/>
					</Toolbar>
				</IconTabFilter>
				<IconTabFilter text="{i18n>stateTabText}" key="State">
					<Toolbar class="toolBarCls">
						<SearchField width="100%" class="searchFieldCls" placeholder="State" search="onPosSearch"/>
					</Toolbar>
				</IconTabFilter>
				<IconTabFilter text="{i18n>areaColumnLabel}" key="Area">
					<Toolbar class="toolBarCls">
						<SearchField width="100%" class="searchFieldCls" placeholder="Area" search="onPosSearch"/>
					</Toolbar>
				</IconTabFilter>
				<IconTabFilter text="{i18n>craftTabText}" key="Craft">
					<Toolbar class="toolBarCls">
						<SearchField width="100%" class="searchFieldCls" placeholder="Craft" search="onPosSearch"/>
					</Toolbar>
				</IconTabFilter>
				<IconTabFilter text="{i18n>territoryTabText}" key="Territory">
					<Toolbar class="toolBarCls">
						<SearchField width="100%" class="searchFieldCls" placeholder="Territory" search="onPosSearch"/>
					</Toolbar>
				</IconTabFilter>
				<IconTabFilter text="{i18n>yardTabText}" key="Yard">
					<Toolbar class="toolBarCls">
						<SearchField width="100%" class="searchFieldCls" placeholder="Yard" search="onPosSearch"/>
					</Toolbar>
				</IconTabFilter>
				<IconTabFilter text="{i18n>deptTabText}" key="Department">
					<Toolbar class="toolBarCls">
						<SearchField width="100%" class="searchFieldCls" placeholder="Department" search="onPosSearch"/>
					</Toolbar>
				</IconTabFilter>
			</items>
		</IconTabBar>
		<Table id="posSearchHelpTable" items="{/PositionSearchHelpSet}" includeItemInSelection="true" class="tableCls"  
			growing="true" growingThreshold="20" growingScrollToLoad="true">
			<columns>
				<Column width="18%">
					<Label text="{i18n>posIdLabel}" design="Bold" wrapping="true"/>
				</Column>
				<Column width="18%">
					<Label text="{i18n>posTitleLabel}" design="Bold" wrapping="true"/>
				</Column>
				<Column>
					<Label text="{i18n>union}" design="Bold" wrapping="true"/>
				</Column>
				<Column>
					<Label text="{i18n>assignedSupervisor}" design="Bold" />
				</Column>
				<Column >
					<Label text="{i18n>divColumnLabel}" design="Bold" wrapping="true"/>
				</Column>
				<Column >
					<Label text="{i18n>cityTabText}" design="Bold" wrapping="true"/>
				</Column>
				<Column>
					<Label text="{i18n>stateColumnLabel}" design="Bold" wrapping="true"/>
				</Column>
					<Column>
					<Label text="{i18n>areaColumnLabel}" design="Bold" wrapping="true"/>
				</Column>
					<Column>
					<Label text="{i18n>craftTabText}" design="Bold" wrapping="true"/>
				</Column>
					<Column>
					<Label text="{i18n>territoryTabText}" design="Bold" wrapping="true"/>
				</Column>
					<Column>
					<Label text="{i18n>yardTabText}" design="Bold" wrapping="true"/>
				</Column>
					<Column>
					<Label text="{i18n>deptTabText}" design="Bold" wrapping="true"/>
				</Column>
			</columns>
			<items>
				<ColumnListItem press="onPositionIdSubmit" type="Active">
					<cells>
						<Text text="{PositionId}" class="tableItemsTxtColor"/>
						<Text text="{PositionDesc}" class="tableItemsTxtColor"/>
						<Text text="{Union}" class="tableItemsTxtColor"/>
						<Text text="{AssignSup}" class="tableItemsTxtColor"/>
						<Text text="{Divison}" class="tableItemsTxtColor"/>
						<Text text="{City}" class="tableItemsTxtColor"/>
						<Text text="{State}" class="tableItemsTxtColor"/>
						<Text text="" class="tableItemsTxtColor"/>
						<Text text="{Craft}" class="tableItemsTxtColor"/>
						<Text text="{Territory}" class="tableItemsTxtColor"/>
						<Text text="{Yard}" class="tableItemsTxtColor"/>
						<Text text="{Department}" class="tableItemsTxtColor"/>
					</cells>
				</ColumnListItem>
			</items>
		</Table>
		<endButton>
			<Button text="{i18n>cancelButton}" press="onPosDialogCancel" class="clsBtnColorYellowRed"/>
		</endButton>
	</Dialog>
</core:FragmentDefinition>