<core:FragmentDefinition xmlns="sap.m" xmlns:core="sap.ui.core">
	<Dialog id="RosterNoDialogue" title="Assign Supervisor" class="sapUiSizeCompact dialog">
		<Toolbar class="toolBarCls">
			<SearchField width="100%" class="sapUiSmallMargin searchFieldCls" search="onSupervisorNumberSearch" id="SupervisorNoSearch"/>
		</Toolbar>
		<Table id="SupervisorNoTable" width="auto" items="{/AssignSupSearchHelpSet}" class="tableCls"
			growingThreshold="20" growing="true" growingScrollToLoad="true" visible="false">
			<columns>
				<Column demandPopin="true" popinDisplay="Block">
					<Label text="{i18n>supervisorNumberLabel}" design="Bold" wrapping="true"/>
				</Column>
				<Column demandPopin="true" popinDisplay="Block">
					<Label text="{i18n>supervisorDescriptionLabel}" design="Bold" wrapping="true"/>
				</Column>
				<Column demandPopin="true" popinDisplay="Block" visible="false">
					<Label text="{i18n>assistantDivisionEngineerLabel}" design="Bold" wrapping="true"/>
				</Column>
				<Column demandPopin="true" popinDisplay="Block" visible="false">
					<Label text="{i18n>divisionEngineerLabel}" design="Bold" wrapping="true"/>
				</Column>
				<Column demandPopin="true" popinDisplay="Block" visible="false">
					<Label text="{i18n>chiefEngineerLable}" design="Bold" wrapping="true"/>
				</Column>
			</columns>
			<items > 
				<ColumnListItem press="onSupervisorNumberSave" type="Active">
					<cells>
						<Text text="{Pernr}" class="tableItemsTxtColor"/>
					</cells>
					<cells>
						<Text text="{PernrName}" class="tableItemsTxtColor"/>
					</cells>
					<cells>
						<Text text="{ADE}" class="tableItemsTxtColor"/>
					</cells>
					<cells>
						<Text text="{DE}" class="tableItemsTxtColor"/>
					</cells>
					<cells>
						<Text text="{CE}" class="tableItemsTxtColor"/>
					</cells>
				</ColumnListItem>
			</items>
		</Table>
		<!--<beginButton>-->
		<!--	<Button text="Save" press="onRosterNumberSave" class="clsBtnColorYellowGreen" width="20%"/>-->
		<!--</beginButton>-->
		<endButton>
			<Button text="{i18n>closeButton}" press="onSupervisorNumberCancel" type="Reject" class="clsBtnColorYellowRed" width="20%"/>
		</endButton>
	</Dialog>
</core:FragmentDefinition>