<core:FragmentDefinition xmlns="sap.m" xmlns:core="sap.ui.core">
	<Dialog id="tcuAtdaRosterDialogue" title="{i18n>rosterTitle}" class="sapUiSizeCompact dialog">
		<IconTabBar id="idTcuAtdaRosterIconTabBar"  class="clsITBarCls">
			<items>
				<IconTabFilter text="{i18n>rosterNoTabText}" key="Roster Number or Desc">
					<Toolbar class="toolBarCls">
						<SearchField width="100%" class="sapUiSmallMargin searchFieldCls" liveChange="onTcuAtdaRosterNoDescSearch" id="dialoguTcuAtdaRosterNoDescSearch"
							placeholder="{i18n>rosterNoPlaceHolder}" search="onTcuAtdaRosterSearch"/>
					</Toolbar>
					<Table id="tcuAtdaRosterNoDescTabTable" items="{path: 'tcuAtdaRosterNoDescModelData>/results'}" includeItemInSelection="true"
						class="tableCls" visible="true" growing="true" growingThreshold="20" growingScrollToLoad="true">
						<columns>
							<Column>
								<Label text="{i18n>rosterNoColumnLabel}" design="Bold" wrapping="true"/>
							</Column>
							<Column>
								<Label text="{i18n>RostdescColumnLabel}" design="Bold" wrapping="true"/>
							</Column>
							<Column>
								<Label text="{i18n>unionColumnLabel}" design="Bold" wrapping="true"/>
							</Column>
							<Column>
								<Label text="{i18n>deptColumnLabel}" design="Bold" wrapping="true"/>
							</Column>
						</columns>
						<items>
							<ColumnListItem press="onTcuRosterSubmit" type="Active">
								<cells>
									<Text text="{tcuAtdaRosterNoDescModelData>RosterNo}" class="tableItemsTxtColor"/>
									<Text text="{tcuAtdaRosterNoDescModelData>RostDesc}" class="tableItemsTxtColor"/>
									<Text text="{tcuAtdaRosterNoDescModelData>Union}" class="tableItemsTxtColor"/>
									<Text text="{tcuAtdaRosterNoDescModelData>Department}" class="tableItemsTxtColor"/>
								</cells>
							</ColumnListItem>
						</items>
					</Table>
				</IconTabFilter>
				<IconTabFilter text="{i18n>deptTabText}" key="{i18n>deptTabText}">
					<Toolbar class="toolBarCls">
						<SearchField width="100%" class="sapUiSmallMargin searchFieldCls" liveChange="onTcuAtdaDeptSearch" id="dialoguTcuAtdaDeptSearch"
							placeholder="{i18n>deptSrchPlaceHolder}" search="onTcuAtdaRosterSearch"/>
					</Toolbar>
					<Table id="tcuAtdaDeptTabTable" items="{path: 'tcuAtdaDeptModelData>/results'}" includeItemInSelection="true"
						class="tableCls" visible="true" growing="true" growingThreshold="20" growingScrollToLoad="true">
						<columns>
							<Column>
								<Label text="{i18n>rosterNoColumnLabel}" design="Bold" wrapping="true"/>
							</Column>
							<Column>
								<Label text="{i18n>RostdescColumnLabel}" design="Bold" wrapping="true"/>
							</Column>
							<Column>
								<Label text="{i18n>unionColumnLabel}" design="Bold" wrapping="true"/>
							</Column>
							<Column>
								<Label text="{i18n>deptColumnLabel}" design="Bold" wrapping="true"/>
							</Column>
						</columns>
						<items>
							<ColumnListItem press="onTcuRosterSubmit" type="Active">
								<cells>
									<Text text="{tcuAtdaDeptModelData>RosterNo}" class="tableItemsTxtColor"/>
									<Text text="{tcuAtdaDeptModelData>RostDesc}" class="tableItemsTxtColor"/>
									<Text text="{tcuAtdaDeptModelData>Union}" class="tableItemsTxtColor"/>
									<Text text="{tcuAtdaDeptModelData>Department}" class="tableItemsTxtColor"/>
								</cells>
							</ColumnListItem>
						</items>
					</Table>
				</IconTabFilter>
			</items>
		</IconTabBar>
		<endButton>
			<Button text="{i18n>cancel}" press="onTcuAtdaRosterDialogCancel" class="clsBtnColorYellowRed"/>
		</endButton>
	</Dialog>
</core:FragmentDefinition>