<core:FragmentDefinition xmlns="sap.m" xmlns:core="sap.ui.core">
	<Dialog contentWidth="60%" id="tcuPosIdDialogue" title="{i18n>positionIdLabel}" class="sapUiSizeCompact dialog">
		<IconTabBar id="idTcuPosIconTabBar" select="handleIconTabBarSelect" class="clsITBarCls">
			<items>
				<IconTabFilter text="{i18n>posIdTabText}" key="{i18n>posIdTabText}">
					<Toolbar class="toolBarCls">
						<SearchField width="100%" class="searchFieldCls" liveChange="onTcuPosIdOrTitleSearch" id="dialoguTcuPosIdOrTitleSearch"
							placeholder="{i18n>posIdPlaceHolder}" search="onTcuPosSearch"/>
					</Toolbar>
					<Table id="tcuPosIdOrTitleTabTable" items="{path: 'tcuPosIdTitleModelData>/results'}" includeItemInSelection="true" class="tableCls"
						visible="false" growing="true" growingThreshold="20" growingScrollToLoad="true">
						<columns>
							<Column>
								<Label text="{i18n>posIdColumnLabel}" design="Bold" wrapping="true"/>
							</Column>
							<Column>
								<Label text="{i18n>descColumnLabel}" design="Bold" wrapping="true"/>
							</Column>
							<Column>
								<Label text="{i18n>unionColumnLabel}" design="Bold" wrapping="true"/>
							</Column>
							<Column visible="{= ${viewModel>/Department} === 'TCU'}">
								<Label text="{i18n>deptColumnLabel}" design="Bold" wrapping="true"/>
							</Column>
							<Column visible="{= ${viewModel>/Department} !== 'TCU'}">
								<Label text="{i18n>desk}" design="Bold" wrapping="true"/>
							</Column>
							<Column>
								<!--<VBox>-->
								<!--	<Label text="{i18n>currColumnLabel}" design="Bold"/>-->
								<Label text="{i18n>OccuColumnLabel}" design="Bold" wrapping="true"/>
								<!--</VBox>-->
							</Column>
						</columns>
						<items>
							<ColumnListItem press="onPositionSubmit" type="Active">
								<cells>
									<Text text="{tcuPosIdTitleModelData>PositionId}" class="tableItemsTxtColor"/>
									<Text text="{tcuPosIdTitleModelData>PositionDesc}" class="tableItemsTxtColor"/>
									<Text text="{tcuPosIdTitleModelData>Union}" class="tableItemsTxtColor"/>
									<Text text="{tcuPosIdTitleModelData>Department}" class="tableItemsTxtColor"/>
									<Text text="{tcuPosIdTitleModelData>Desk_Num_Desc}" class="tableItemsTxtColor"/>
									<Text text="{tcuPosIdTitleModelData>CurntOcupnt}" class="tableItemsTxtColor"/>
								</cells>
							</ColumnListItem>
						</items>
					</Table>
				</IconTabFilter>
				<IconTabFilter id="tcuPosDeptIconTab" text="{i18n>deptTabText1}" key="{i18n>deptTabText}">
					<Toolbar class="toolBarCls">
						<Input id="depheadId" visible="false"></Input>
						<ComboBox showSecondaryValues="true" visible="true" items="{path:'tcuDeptDropDownModelData>/results'}" id="dialoguTcuPosDeptSearch"
							loadItems="onTcuDeptDropDown1" selectionChange="onTcuPosSearch" width="60%" placeholder="{i18n>deptSrchPlaceHolder}" class="comboCls">
							<core:ListItem key="{tcuDeptDropDownModelData>Value}" text="{tcuDeptDropDownModelData>Value}"
								additionalText="{tcuDeptDropDownModelData>Description}"/>
						</ComboBox>
					</Toolbar>
					<Table id="tcuPosDeptTabTable" items="{path: 'tcuPosDeptModelData>/results'}" includeItemInSelection="true" class="tableCls" visible="false"
						growing="true" growingThreshold="20" growingScrollToLoad="true">
						<columns>
							<Column>
								<Label text="{i18n>posIdColumnLabel}" design="Bold" wrapping="true"/>
							</Column>
							<Column>
								<Label text="{i18n>descColumnLabel}" design="Bold" wrapping="true"/>
							</Column>
							<Column>
								<Label text="{i18n>unionColumnLabel}" design="Bold" wrapping="true"/>
							</Column>
							<Column>
								<Label text="{i18n>deptColumnLabel}" design="Bold" wrapping="true"/>
							</Column>
							<Column>
								<!--<VBox>-->
								<!--	<Label text="{i18n>currColumnLabel}" design="Bold"/>-->
								<Label text="{i18n>OccuColumnLabel}" design="Bold" wrapping="true"/>
								<!--</VBox>-->
							</Column>
						</columns>
						<items>
							<ColumnListItem press="onPositionSubmit" type="Active">
								<cells>
									<Text text="{tcuPosDeptModelData>PositionId}" class="tableItemsTxtColor"/>
									<Text text="{tcuPosDeptModelData>PositionDesc}" class="tableItemsTxtColor"/>
									<Text text="{tcuPosDeptModelData>Union}" class="tableItemsTxtColor"/>
									<Text text="{tcuPosDeptModelData>Department}" class="tableItemsTxtColor"/>
									<Text text="{tcuPosDeptModelData>CurntOcupnt}" class="tableItemsTxtColor"/>
								</cells>
							</ColumnListItem>
						</items>
					</Table>
				</IconTabFilter>
				<IconTabFilter visible="false" id="tcuPosDeskIconTab" text="{i18n>deskTabText}" key="{i18n>deskTabText}">
					<Toolbar class="toolBarCls">
						<ComboBox showSecondaryValues="true" items="{path:'TCUDeskSuggDropdown>/results'}" id="dialoguTcuPosDeskSearch"
							loadItems="onTcuDeskDropDown" selectionChange="onTcuPosSearch" width="60%" placeholder="{i18n>deskSrchPlaceHolder}" class="comboCls">
							<core:ListItem key="{TCUDeskSuggDropdown>Value}" text="{TCUDeskSuggDropdown>Value}" additionalText="{TCUDeskSuggDropdown>Description}"/>
						</ComboBox>
						<!--<SearchField width="100%" class="sapUiSmallMargin searchFieldCls" liveChange="onTcuPosDeptSearch" id="dialoguTcuPosDeptSearch"-->
						<!--	placeholder="{i18n>deptSrchPlaceHolder}" search="onTcuPosSearch"/>-->
					</Toolbar>
					<Table id="tcuPosDeskTabTable" items="{path: 'tcuPosDeskModelData>/results'}" includeItemInSelection="true" class="tableCls" visible="false"
						growing="true" growingThreshold="20" growingScrollToLoad="true">
						<columns>
							<Column>
								<Label text="{i18n>posIdColumnLabel}" design="Bold" wrapping="true"/>
							</Column>
							<Column>
								<Label text="{i18n>descColumnLabel}" design="Bold" wrapping="true"/>
							</Column>
							<Column>
								<Label text="{i18n>unionColumnLabel}" design="Bold" wrapping="true"/>
							</Column>
							<Column id="deskDeskTabCol">
								<Label text="{i18n>deskTabText}" design="Bold" wrapping="true"/>
							</Column>
							<Column>
								<!--<VBox>-->
								<!--	<Label text="{i18n>currColumnLabel}" design="Bold"/>-->
								<Label text="{i18n>OccuColumnLabel}" design="Bold" wrapping="true"/>
								<!--</VBox>-->
							</Column>
						</columns>
						<items>
							<ColumnListItem press="onPositionSubmit" type="Active">
								<cells>
									<Text text="{tcuPosDeskModelData>PositionId}" class="tableItemsTxtColor"/>
									<Text text="{tcuPosDeskModelData>PositionDesc}" class="tableItemsTxtColor"/>
									<Text text="{tcuPosDeskModelData>Union}" class="tableItemsTxtColor"/>
									<Text text="{tcuPosDeskModelData>Desk_Num_Desc}" class="tableItemsTxtColor"/>
									<Text text="{tcuPosDeskModelData>CurntOcupnt}" class="tableItemsTxtColor"/>
								</cells>
							</ColumnListItem>
						</items>
					</Table>
				</IconTabFilter>
				<IconTabFilter id="tcuPosEmpIconTab" text="{i18n>empTabText}" key="{i18n>empTabText}">
					<Toolbar class="toolBarCls">
						<!--<ComboBox showSecondaryValues="true" items="{path:'TCUDeskSuggDropdown>/results'}" id="dialoguTcuPosEmpSearch"-->
						<!--	loadItems="onTcuDeptDropDown1" selectionChange="onTcuPosSearch" width="60%" placeholder="{i18n>deskSrchPlaceHolder}" class="comboCls">-->
						<!--	<core:ListItem key="{TCUDeskSuggDropdown>Desk_Num}" text="{TCUDeskSuggDropdown>Desk_Num}"-->
						<!--		additionalText="{TCUDeskSuggDropdown>Desk_Num_Desc}"/>-->
						<!--</ComboBox>-->
						<SearchField width="100%" class="sapUiSmallMargin searchFieldCls" liveChange="onTcuPosDeptSearch" id="dialoguTcuEmpSearch"
							placeholder="{i18n>empSrchPlaceHolder}" search="onTcuPosSearch"/>
					</Toolbar>
					<Table id="tcuPosEmpTabTable" items="{path: 'tcuPosEmpModelData>/results'}" includeItemInSelection="true" class="tableCls" visible="false"
						growing="true" growingThreshold="20" growingScrollToLoad="true">
						<columns>
							<Column>
								<Label text="{i18n>posIdColumnLabel}" design="Bold" wrapping="true"/>
							</Column>
							<Column>
								<Label text="{i18n>descColumnLabel}" design="Bold" wrapping="true"/>
							</Column>
							<Column>
								<Label text="{i18n>unionColumnLabel}" design="Bold" wrapping="true"/>
							</Column>
							<Column visible="{= ${viewModel>/Department} === 'TCU'}">
								<Label text="{i18n>deptColumnLabel}" design="Bold" wrapping="true"/>
							</Column>
							<Column id="deskEmpTabCol" visible="{= ${viewModel>/Department} !== 'TCU'}">
								<Label text="{i18n>deskTabText}" design="Bold" wrapping="true"/>
							</Column>
							<Column>
								<!--<VBox>-->
								<!--	<Label text="{i18n>currColumnLabel}" design="Bold"/>-->
								<Label text="{i18n>OccuColumnLabel}" design="Bold" wrapping="true"/>
								<!--</VBox>-->
							</Column>
						</columns>
						<items>
							<ColumnListItem press="onPositionSubmit" type="Active">
								<cells>
									<Text text="{tcuPosEmpModelData>PositionId}" class="tableItemsTxtColor"/>
									<Text text="{tcuPosEmpModelData>PositionDesc}" class="tableItemsTxtColor"/>
									<Text text="{tcuPosEmpModelData>Union}" class="tableItemsTxtColor"/>
									<Text text="{tcuPosEmpModelData>Department}" class="tableItemsTxtColor"/>
									<Text text="{tcuPosEmpModelData>Desk_Num_Desc}" class="tableItemsTxtColor"/>
									<Text text="{tcuPosEmpModelData>CurntOcupnt}" class="tableItemsTxtColor"/>
								</cells>
							</ColumnListItem>
						</items>
					</Table>
				</IconTabFilter>
			</items>
		</IconTabBar>
		<endButton>
			<Button text="{i18n>cancel}" press="onTcuPosDialogCancel" class="clsBtnColorYellowRed"/>
		</endButton>
	</Dialog>
</core:FragmentDefinition>