<core:FragmentDefinition xmlns="sap.m" xmlns:l="sap.ui.layout" xmlns:f="sap.ui.layout.form" xmlns:core="sap.ui.core">
	<VBox>
		<Panel class="DatesPanel">
			<f:SimpleForm id="tdatesForm" editable="true" layout="ResponsiveGridLayout" labelSpanXL="4" labelSpanL="4" labelSpanM="4" labelSpanS="1"
				adjustLabelSpan="false" emptySpanXL="2" emptySpanL="2" emptySpanM="2" emptySpanS="0" columnsXL="3" columnsL="3" columnsM="3"
				singleContainerFullSize="false" class="FormTitleHeight">
				<f:content>
					<core:Title text=""></core:Title>
					<Label text="{i18n>EffDateLabel1}" design="Bold" class="labelCls"/>
					<DatePicker width="100%" id="tcuDispStartDate" value="{StartDate}" displayFormat="MM/dd/yyyy" placeholder="MM/DD/YYYY"
						valueFormat="yyyyMMdd" change="onDateSelection" enabled="false" class="datePickerCls"/>
					<core:Title text=""></core:Title>
					<Label text="{i18n>EndDateLabel}" design="Bold" class="labelCls"/>
					<DatePicker width="100%" value="{EndDate}" id="tcuDispEndDate" displayFormat="MM/dd/yyyy" placeholder="MM/DD/YYYY" valueFormat="yyyyMMdd"
						change="onDateSelection" enabled="false" class="datePickerCls"/>
					<core:Title text=""></core:Title>
					<Label text="Current Occupant" design="Bold" class="labelCls"/>
					<!--<Text text="{EmpId}-{EmpName}"></Text>-->
					<Text text="{EmpId} {= ${EmpName} === '' ? ' ' : '-' } {EmpName}"></Text>
				</f:content>
			</f:SimpleForm>
		</Panel>
		<f:SimpleForm id="PositionTCUDispFormId" editable="true" layout="ResponsiveGridLayout" labelSpanXL="4" labelSpanL="4" labelSpanM="4"
			labelSpanS="1" adjustLabelSpan="false" emptySpanXL="2" emptySpanL="2" emptySpanM="2" emptySpanS="0" columnsXL="3" columnsL="3" columnsM="3"
			singleContainerFullSize="false" class="FormTitleHeight">
			<f:content>
				<core:Title text=""></core:Title>
				<!--	<core:Title text=""></core:Title>-->
				<Label visible="false" text="{i18n>posIdLabel}" design="Bold" class="labelCls"/>
				<Input visible="false" width="100%" value="{PosId}" showValueHelp="true" id="tcuDispPosId" enabled="false" class="valueHelpCls"></Input>
				<Label text="{i18n>posTitleLabel}" design="Bold" class="labelCls" visible="false"/>
				<Input visible="false" width="100%" value="{PosDesc}" showValueHelp="false" id="tcuDispPosTitleId" enabled="false"/>
				<Label text="{i18n>union}" design="Bold" class="labelCls"/>
				<Input width="100%" value="{Union}" showValueHelp="true" id="tcuDispUnionCodeId" enabled="false" class="valueHelpCls"></Input>
				<Label text="{i18n>jpLabel}" design="Bold" class="labelCls"/>
				<Input width="100%" value="{JPId}" showValueHelp="false" id="tcuDispJpId" enabled="false"/>
				<Label text="{i18n>clonedFromLabel}" design="Bold" class="labelCls"/>
				<Input width="100%" value="{SourcePos}" showValueHelp="false" id="tcuDispPosSourcePosId" enabled="false"/>
				<Label text="{i18n>currentBulletinNoLabel}" design="Bold" class="labelCls" visible="false"/>
				<Input visible="false" width="100%" value="{BullNo}" showValueHelp="false" id="tcuDispBulletinNoId" enabled="false"/>
				<!--<Label text="Start Date" design="Bold" class="textColor"/>
				<DatePicker width="100%" id="tcuDispStartDate" value="{StartDate}" displayFormat="MM/dd/yyyy" placeholder="MM/DD/YYYY"
					valueFormat="yyyyMMdd" change="onDateSelection" enabled="false"/>-->
				<Label text="{i18n>totalRateLabel}" design="Bold" class="labelCls" visible="false"/>
				<Input width="100%" value="{TotRate}" showValueHelp="true" id="tcuDispTotalRateId" enabled="false" visible="false" class="valueHelpCls"></Input>
				<Label visible="false" text="{i18n>prorataRateLabel}" design="Bold" class="labelCls"/>
				<Input visible="false" width="100%" value="{ProRate}" showValueHelp="false" id="tcuDispProrataId" enabled="false"/>
				<Label text="{i18n>rosterLabel}" design="Bold" class="labelCls"/>
				<Input width="100%" value="{RosterNo}" showValueHelp="true" id="tcuDispRosterId" enabled="false" class="valueHelpCls"></Input>
				<Label text=""></Label>
				<Text text="{RostDesc}" id="chngRostDesc"></Text>
				<Label text="{i18n>positionTypeLabel}" design="Bold" class="labelCls"/>
				<ComboBox value="{PosTypeDesc}" selectedKey="{PosType}" id="tcuDispPosTypeId" width="100%" showSecondaryValues="true"
					change="onComboSelection" enabled="false" class="comboCls"></ComboBox>
				<Label text="{i18n>reportsToLabel}" design="Bold" class="labelCls"/>
				<Input width="100%" value="{AssignSupEmp}{= ${AssignSupEmpName} === '' ? ' ' : '-' }{AssignSupEmpName}" showValueHelp="false" id="TcuAssSup"
					editable="false"/>
				<Label text="" design="Bold" class="labelCls"/>
				<Input width="100%" value="{ADE}{= ${ADEName} === '' ? ' ' : '-' }{ADEName}" showValueHelp="false" id="TcuAde" editable="false"/>
				<Label text="" design="Bold" class="labelCls"/>
				<Input width="100%" value="{DE}{= ${DEName} === '' ? ' ' : '-' }{DEName}" showValueHelp="false" id="TcuDe" editable="false"/>
				<Label text="" design="Bold" class="labelCls"/>
				<Input width="100%" value="{CE}{= ${CEName} === '' ? ' ' : '-' }{CEName}" showValueHelp="false" id="TcuCe" editable="false"/>
				<!--	<Label text="Pad/Fence" design="Bold" class="textColor"/>
				<ComboBox value="{PadFence}" selectedKey="{PadFence}" placeholder="Select City" id="tcuDispPadfenceId" width="100%"
					showSecondaryValues="true" change="onComboSelection" enabled="false"></ComboBox>-->
				<!--<Label text="Skill Differential" design="Bold" class="textColor"/>-->
				<!--<CheckBox id="payskillDiffId" editable="false" selected="{parts:[{path:'SkillDiff'}], formatter:'.checkBoxFormatter'}"></CheckBox>-->
				<!--Column2-->
				<!--	<core:Title text=""></core:Title>-->
				<!--				<Label text="Position Title" design="Bold" class="textColor"/>
				<Input width="100%" value="{PosDesc}" showValueHelp="false" id="tcuDispPosTitleId" enabled="false"/>-->
				<!--<Label text="Effective Date" design="Bold" class="textColor"/>
				<DatePicker width="100%" id="tcuDispStartDate" value="{StartDate}" displayFormat="MM/dd/yyyy" placeholder="MM/DD/YYYY"
					valueFormat="yyyyMMdd" change="onDateSelection" enabled="false"/>-->
				<!--<Label text="Agreement Code" design="Bold" class="textColor"/>-->
				<!--<ComboBox value="{AggCode}" id="tcuDispAgreementId" width="100%" showSecondaryValues="true" change="onComboSelection" enabled="false"></ComboBox>-->
				<core:Title text=""></core:Title>
				<!--	<Label text="Prorata Rate" design="Bold" class="textColor"/>
				<Input width="100%" value="{ProRate}" showValueHelp="false" id="tcuDispProrataId" enabled="false"/>-->
				<Label text="{i18n>priorRightsRosterLabel}" design="Bold" class="labelCls" visible="false"/>
				<!--<Input id="changeEngRosterNumId" value="{RosterNo}" width="100%" change="onEngRosterNoChange" showValueHelp="true" showSuggestion="true" editable="true"></Input>-->
				<Input width="100%" visible="false" value="{PriorRightsRosterNo}" id="tcuPRosterNumId" change="onEngRosterNoChange" showValueHelp="true"
					editable="false" valueHelpRequest="onRosterNumberValueHelp" class="rosterNoDesc" description=""></Input>
				<Label text="{i18n>priorRightsDateLabel}" design="Bold" class="labelCls" visible="false"/>
				<DatePicker width="100%" id="tcuPrDate" visible="false" value="{PriorRightsDate}" displayFormat="MM/dd/yyyy" placeholder="MM/DD/YYYY"
					valueFormat="yyyyMMdd" editable="false" class="datePickerCls"/>
				<Label text="{i18n>workScheduleCodeLabel}" design="Bold" class="labelCls"/>
				<!--<ComboBox value="{WorkSch}" id="workSchId" width="100%" showSecondaryValues="true" change="onComboSelection"-->
				<!--	editable="false">-->
				<!--</ComboBox>-->
				<VBox>
					<Input value="{WorkSch}" id="tcuDispWorkSchId" width="100%" showValueHelp="true" valueHelpRequest="onWorkScheduleRule"
						liveChange="onWrkSchRuleChange" change="onwrSchEnter" enabled="false" class="valueHelpCls"/>
					<Text text="{i18n>extraBoard/Relief}" id="note" visible="{= ${WorkSch} === 'FLEXIBLE'}"></Text>
				</VBox>
				<Label text="{i18n>hoursLabel}" design="Bold" class="labelCls"/>
				<Input width="100%" value="{ShiftStatTime}-{ShiftEndTime}" showValueHelp="false" id="tcuShiftTimings" editable="false"></Input>
				<Label text="{i18n>resrDaysLabel}" design="Bold" class="labelCls"/>
				<Input width="100%" value="{RestDays}" showValueHelp="false" id="tcuResetDays" editable="false"></Input>
				<Label text="{i18n>mealPeriodLabel}" design="Bold" class="labelCls"/>
				<Input width="100%" value="{BreakDuration}" showValueHelp="false" id="tcuBreakPeriods" editable="false"></Input>
				<Label text="{i18n>deptColumnLabel}" design="Bold" class="labelCls"/>
				<ComboBox value="{Department}" placeholder="Select City" id="tcuDispDepartmentId" width="100%" showSecondaryValues="true"
					change="onComboSelection" enabled="false" class="comboCls"></ComboBox>
				<Label text="Desk" design="Bold" id="deskLabelId" class="labelCls" visible="false"/>
				<ComboBox value="{DeskNum}" placeholder="Select Desk Number" id="deskNumId" width="100%" showSecondaryValues="true"
					change="onComboSelection" enabled="false" visible="false" class="comboCls"></ComboBox>
				<Label text="{i18n>agreementCodeLabel}" design="Bold" class="labelCls" visible="false"/>
				<ComboBox visible="false" value="{AggCode}" id="tcuDispAgreementId" width="100%" showSecondaryValues="true" change="onComboSelection"
					enabled="false" class="comboCls"></ComboBox>
				<Label text="{i18n>PayrollGrouping}" design="Bold" class="labelCls" visible="true"/>
				<Input visible="true" id="TcuPayrollGrouping" value="{Selpaygroup}" width="100%" enabled="false"></Input>
				<!--Column3-->
				<!--	<core:Title text=""></core:Title>-->
				<!--<Label text="JP ID" design="Bold" class="textColor"/>
				<Input width="100%" value="{JPId}" showValueHelp="false" id="tcuDispJpId" enabled="false"/>-->
				<core:Title text=""></core:Title>
				<!--<Label text="HOS Status" design="Bold" class="textColor"  visible="false"/>-->
				<!--<ComboBox value="{HosStatus}" id="hosStatusId" width="100%" showSecondaryValues="true" change="onChange" editable="false"></ComboBox>-->
				<!--<ComboBox value="{HosStatusDesc}" selectedKey="{HosStatus}" items="{mModel>/HosStatusSearchHelpSet}" id="tcuDispHosStatusId" width="100%"-->
				<!--	showSecondaryValues="true" change="onChange" enabled="false"  visible="false">-->
				<!--	<core:ListItem text="{mModel>HosStatus}" key="{mModel>HosStatus}"></core:ListItem>-->
				<!--</ComboBox>-->
				<Label text="{i18n>pad/fenceLabel}" design="Bold" class="labelCls"/>
				<ComboBox value="{PadFenceDesc}" selectedKey="{PadFence}" placeholder="Select City" id="tcuDispPadfenceId" width="100%"
					showSecondaryValues="true" change="onComboSelection" enabled="false" class="comboCls"></ComboBox>
				<Label text="{i18n>bulletinCommentsLabel}" design="Bold" class="labelCls"/>
				<TextArea rows="3" cols="40" width="100%" value="{BullComm}" id="tcuDispBulletinCommId" enabled="false"/>
				<Label text="{i18n>intCommentsLabel}" design="Bold" class="labelCls"/>
				<TextArea rows="3" cols="40" width="100%" value="{IntComm}" id="tcuDispintCommId" editable="false"/>
				<Label text="{i18n>noBidLabel}" design="Bold" class="labelCls"/>
				<CheckBox id="tcuDispNoBidId" enabled="false" selected="{parts:[{path:'NoBid'}], formatter:'.checkBoxFormatter'}" class="checkBoxCls"></CheckBox>
				<Label text="{i18n>obsoleteLabel}" design="Bold" class="labelCls"/>
				<CheckBox id="tObsolete" editable="false" selected="{parts:[{path:'ObsFlag'}], formatter:'.checkBoxFormatter'}" class="checkBoxCls"></CheckBox>
				<!--<Label text="Training Ind" design="Bold" class="textColor"/>
				<CheckBox id="tcuDispPosTrainingId" enabled="false" selected="{parts:[{path:'TrainingInd'}], formatter:'.checkBoxFormatter'}"></CheckBox>-->
				<Text id="depFlag" text="{FlagDeptMandt}" visible="false"></Text>
			</f:content>
		</f:SimpleForm>
	</VBox>
</core:FragmentDefinition>