<core:FragmentDefinition xmlns="sap.m" xmlns:core="sap.ui.core">
	<Dialog id="workScheduleDialogue" title="Daily Work Schedule" class="dialog">
		<Toolbar class="toolBarCls">
			<SearchField width="100%" class="sapUiSmallMargin searchFieldCls" search="onWrkSchSearch" id="workscheduleSearch"/>
		</Toolbar>
		<Table id="wrkSchRuleTable" width="auto" items="{path:'wrkSRuleMod>/results'}" updateFinished="onListUpdateFinished"
			class="sapUiResponsiveMargin tableCls" mode="SingleSelectLeft" growingThreshold="20" growing="true" growingScrollToLoad="true">
			<columns>
				<Column demandPopin="true" popinDisplay="Block">
					<Label text="{i18n>dailyWorkScheduleRuleLable}" design="Bold" wrapping="true"/>
				</Column>
				<Column demandPopin="true" popinDisplay="Block">
					<Label text="{i18n>dailyWorkScheduleDescriptionLable}" design="Bold" wrapping="true"/>
				</Column>
			</columns>
			<items>
				<ColumnListItem>
					<cells>
						<Text text="{wrkSRuleMod>schkz}" class="tableItemsTxtColor"/>
					</cells>
					<cells>
						<Text text="{wrkSRuleMod>work_sch}" class="tableItemsTxtColor"/>
					</cells>
				</ColumnListItem>
			</items>
		</Table>
		<beginButton>
			<Button text="{i18n>ok}" press="onWorkScheduleSubmit" class="clsBtnColorYellowGreen"/>
		</beginButton>
		<endButton>
			<Button text="{i18n>cancel}" press="onWorkScheduleCancel" class="clsBtnColorYellowRed"/>
		</endButton>
	</Dialog>
</core:FragmentDefinition>