<edmx:Edmx xmlns:edmx="http://schemas.microsoft.com/ado/2007/06/edmx"
	xmlns:m="http://schemas.microsoft.com/ado/2007/08/dataservices/metadata" xmlns:sap="http://www.sap.com/Protocols/SAPData" Version="1.0">
	<edmx:DataServices m:DataServiceVersion="2.0">
		<Schema xmlns="http://schemas.microsoft.com/ado/2008/09/edm" Namespace="ZPPM_PAYSCALE_MAITANANCE_SRV" xml:lang="en" sap:schema-version="1">
			<EntityType Name="payScaleSearchHelpSet" sap:content-version="1">
				<Key><PropertyRef Name="PayArea"/></Key><Property Name="PayArea" Type="Edm.String" Nullable="false" sap:unicode="false" sap:creatable="false" sap:updatable="false"
					sap:sortable="false" sap:filterable="false"/><Property Name="AreaDesc" Type="Edm.String" Nullable="false" sap:unicode="false" sap:creatable="false" sap:updatable="false"
					sap:sortable="false" sap:filterable="false"/><Property Name="PayType" Type="Edm.String" Nullable="false" sap:unicode="false" sap:creatable="false" sap:updatable="false"
					sap:sortable="false" sap:filterable="false"/><Property Name="PayGroup" Type="Edm.String" Nullable="false" sap:unicode="false" sap:creatable="false" sap:updatable="false"
					sap:sortable="false" sap:filterable="false"/><Property Name="PSGDesc" Type="Edm.String" Nullable="false" sap:unicode="false" sap:creatable="false" sap:updatable="false"
					sap:sortable="false" sap:filterable="false"/><Property Name="ESGforCAP" Type="Edm.String" Nullable="false" sap:unicode="false" sap:creatable="false" sap:updatable="false"
					sap:sortable="false" sap:filterable="false"/></EntityType>
			<EntityType Name="payLevelSearchHelp" sap:content-version="1">
				<Key><PropertyRef Name="PayLevel"/></Key><Property Name="PayLevel" Type="Edm.String" Nullable="false" sap:unicode="false" sap:creatable="false" sap:updatable="false"
					sap:sortable="false" sap:filterable="false"/><Property Name="LevelDesc" Type="Edm.String" Nullable="false" sap:unicode="false" sap:creatable="false" sap:updatable="false"
					sap:sortable="false" sap:filterable="false"/><Property Name="PayType" Type="Edm.String" Nullable="false" sap:unicode="false" sap:creatable="false" sap:updatable="false"
					sap:sortable="false" sap:filterable="false"/><Property Name="PayArea" Type="Edm.String" Nullable="false" sap:unicode="false" sap:creatable="false" sap:updatable="false"
					sap:sortable="false" sap:filterable="false"/><Property Name="PayGroup" Type="Edm.String" Nullable="false" sap:unicode="false" sap:creatable="false" sap:updatable="false"
					sap:sortable="false" sap:filterable="false"/></EntityType>
			<EntityType Name="UserDetails" sap:content-version="1">
				<Key><PropertyRef Name="Uname"/></Key><Property Name="Uname" Type="Edm.String" Nullable="false" sap:unicode="false" sap:creatable="false" sap:updatable="false"
					sap:sortable="false" sap:filterable="false"/><Property Name="Unions" Type="Edm.String" Nullable="false" sap:unicode="false" sap:creatable="false" sap:updatable="false"
					sap:sortable="false" sap:filterable="false"/></EntityType>
			<EntityType Name="Payscale_maint" sap:content-version="1">
				<Key><PropertyRef Name="Trfar"/></Key><Property Name="Trfar" Type="Edm.String" Nullable="false" sap:unicode="false" sap:label="P.scale type" sap:creatable="false"
					sap:updatable="false" sap:sortable="false" sap:filterable="false"/><Property Name="Trfar_desc" Type="Edm.String" Nullable="false" sap:unicode="false" sap:creatable="false" sap:updatable="false"
					sap:sortable="false" sap:filterable="false"/><Property Name="Trfgb" Type="Edm.String" Nullable="false" sap:unicode="false" sap:label="PS Area" sap:creatable="false"
					sap:updatable="false" sap:sortable="false" sap:filterable="false"/><Property Name="Trfgb_desc" Type="Edm.String" Nullable="false" sap:unicode="false" sap:creatable="false" sap:updatable="false"
					sap:sortable="false" sap:filterable="false"/><Property Name="Trfkz" Type="Edm.String" Nullable="false" sap:unicode="false" sap:label="ESG for CAP" sap:creatable="false"
					sap:updatable="false" sap:sortable="false" sap:filterable="false"/><Property Name="Ztrfgr" Type="Edm.String" Nullable="false" sap:unicode="false" sap:label="Pay Scale Group" sap:creatable="false"
					sap:updatable="false" sap:sortable="false" sap:filterable="false"/><Property Name="Trfst" Type="Edm.String" Nullable="false" sap:unicode="false" sap:label="PS level" sap:creatable="false"
					sap:updatable="false" sap:sortable="false" sap:filterable="false"/><Property Name="Endda" Type="Edm.String" Nullable="false" sap:unicode="false" sap:label="End Date" sap:creatable="false"
					sap:updatable="false" sap:sortable="false" sap:filterable="false"/><Property Name="Begda" Type="Edm.String" Nullable="false" sap:unicode="false" sap:label="Start Date" sap:creatable="false"
					sap:updatable="false" sap:sortable="false" sap:filterable="false"/><Property Name="TotRate" Type="Edm.String" Nullable="false" sap:unicode="false" sap:label="Current Total Rate" sap:creatable="false"
					sap:updatable="false" sap:sortable="false" sap:filterable="false"/><Property Name="RateUnit" Type="Edm.String" Nullable="false" sap:unicode="false" sap:label="Rate Unit" sap:creatable="false"
					sap:updatable="false" sap:sortable="false" sap:filterable="false"/><Property Name="HoursUnit" Type="Edm.String" Nullable="false" sap:unicode="false" sap:label="Hours/Unit" sap:creatable="false"
					sap:updatable="false" sap:sortable="false" sap:filterable="false"/><Property Name="Increase" Type="Edm.String" Nullable="false" sap:unicode="false" sap:label="Increase" sap:creatable="false"
					sap:updatable="false" sap:sortable="false" sap:filterable="false"/><Property Name="key" Type="Edm.String" Nullable="false" sap:unicode="false" sap:label="key" sap:creatable="false" sap:updatable="false"
					sap:sortable="false" sap:filterable="false"/><Property Name="ChangedBy" Type="Edm.String" Nullable="false" sap:unicode="false" sap:creatable="false" sap:updatable="false"
					sap:sortable="false" sap:filterable="false"/><Property Name="ChangedDate" Type="Edm.String" Nullable="false" sap:unicode="false" sap:creatable="false" sap:updatable="false"
					sap:sortable="false" sap:filterable="false"/><Property Name="OTrfar" Type="Edm.String" Nullable="false" sap:unicode="false" sap:label="P.scale type" sap:creatable="false"
					sap:updatable="false" sap:sortable="false" sap:filterable="false"/><Property Name="OTrfgb" Type="Edm.String" Nullable="false" sap:unicode="false" sap:label="PS Area" sap:creatable="false"
					sap:updatable="false" sap:sortable="false" sap:filterable="false"/><Property Name="OTrfkz" Type="Edm.String" Nullable="false" sap:unicode="false" sap:label="ESG for CAP" sap:creatable="false"
					sap:updatable="false" sap:sortable="false" sap:filterable="false"/><Property Name="OZtrfgr" Type="Edm.String" Nullable="false" sap:unicode="false" sap:label="Pay Scale Group" sap:creatable="false"
					sap:updatable="false" sap:sortable="false" sap:filterable="false"/><Property Name="OTrfst" Type="Edm.String" Nullable="false" sap:unicode="false" sap:label="PS level" sap:creatable="false"
					sap:updatable="false" sap:sortable="false" sap:filterable="false"/><Property Name="OEndda" Type="Edm.String" Nullable="false" sap:unicode="false" sap:label="End Date" sap:creatable="false"
					sap:updatable="false" sap:sortable="false" sap:filterable="false"/><Property Name="OBegda" Type="Edm.String" Nullable="false" sap:unicode="false" sap:label="Start Date" sap:creatable="false"
					sap:updatable="false" sap:sortable="false" sap:filterable="false"/><Property Name="OTotRate" Type="Edm.String" Nullable="false" sap:unicode="false" sap:label="Current Total Rate" sap:creatable="false"
					sap:updatable="false" sap:sortable="false" sap:filterable="false"/><Property Name="ORateUnit" Type="Edm.String" Nullable="false" sap:unicode="false" sap:label="Rate Unit" sap:creatable="false"
					sap:updatable="false" sap:sortable="false" sap:filterable="false"/><Property Name="OHoursUnit" Type="Edm.String" Nullable="false" sap:unicode="false" sap:label="Hours/Unit" sap:creatable="false"
					sap:updatable="false" sap:sortable="false" sap:filterable="false"/><Property Name="OIncrease" Type="Edm.String" Nullable="false" sap:unicode="false" sap:label="Increase" sap:creatable="false"
					sap:updatable="false" sap:sortable="false" sap:filterable="false"/><Property Name="Okey" Type="Edm.String" Nullable="false" sap:unicode="false" sap:label="key" sap:creatable="false" sap:updatable="false"
					sap:sortable="false" sap:filterable="false"/><Property Name="PSGDesc" Type="Edm.String" Nullable="false" sap:unicode="false" sap:label="PS Description" sap:creatable="false"
					sap:updatable="false" sap:sortable="false" sap:filterable="false"/><Property Name="DiffRate" Type="Edm.String" Nullable="false" sap:unicode="false" sap:label="Differential Rate" sap:creatable="false"
					sap:updatable="false" sap:sortable="false" sap:filterable="false"/></EntityType>
			<EntityType Name="Payscale_type" sap:content-version="1">
				<Key><PropertyRef Name="Trfar"/></Key><Property Name="Trfar" Type="Edm.String" Nullable="false" sap:unicode="false" sap:label="P.scale type" sap:creatable="false"
					sap:updatable="false" sap:sortable="false" sap:filterable="false"/><Property Name="PayArea" Type="Edm.String" Nullable="false" sap:unicode="false" sap:creatable="false" sap:updatable="false"
					sap:sortable="false" sap:filterable="false"/><Property Name="AreaDesc" Type="Edm.String" Nullable="false" sap:unicode="false" sap:creatable="false" sap:updatable="false"
					sap:sortable="false" sap:filterable="false"/><Property Name="PayGroup" Type="Edm.String" Nullable="false" sap:unicode="false" sap:creatable="false" sap:updatable="false"
					sap:sortable="false" sap:filterable="false"/><Property Name="PayGrpDesc" Type="Edm.String" Nullable="false" sap:unicode="false" sap:creatable="false" sap:updatable="false"
					sap:sortable="false" sap:filterable="false"/><Property Name="Tartx" Type="Edm.String" Nullable="false" sap:unicode="false" sap:label="Name of P.scale" sap:creatable="false"
					sap:updatable="false" sap:sortable="false" sap:filterable="false"/></EntityType>
			<EntityType Name="Payscale_area" sap:content-version="1">
				<Key><PropertyRef Name="Trfar"/><PropertyRef Name="Trfgb"/></Key><Property Name="Trfar" Type="Edm.String" Nullable="false" sap:unicode="false" sap:creatable="false" sap:updatable="false"
					sap:sortable="false" sap:filterable="false"/><Property Name="Trfgb" Type="Edm.String" Nullable="false" sap:unicode="false" sap:label="P.sclae area" sap:creatable="false"
					sap:updatable="false" sap:sortable="false" sap:filterable="false"/><Property Name="Tgbtx" Type="Edm.String" Nullable="false" sap:unicode="false" sap:label="Name of Pscale area" sap:creatable="false"
					sap:updatable="false" sap:sortable="false" sap:filterable="false"/></EntityType>
			<EntityType Name="RateUnit" sap:content-version="1">
				<Key><PropertyRef Name="rateUnit"/></Key><Property Name="rateUnit" Type="Edm.String" Nullable="false" sap:unicode="false" sap:creatable="false" sap:updatable="false"
					sap:sortable="false" sap:filterable="false"/><Property Name="rateUnitTxt" Type="Edm.String" Nullable="false" sap:unicode="false" sap:creatable="false" sap:updatable="false"
					sap:sortable="false" sap:filterable="false"/></EntityType>
			<EntityContainer Name="ZPPM_PAYSCALE_MAITANANCE_SRV_Entities" m:IsDefaultEntityContainer="true" sap:supported-formats="atom json xlsx"><EntitySet Name="payScaleSearchHelpSetSet" EntityType="ZPPM_PAYSCALE_MAITANANCE_SRV.payScaleSearchHelpSet" sap:creatable="false"
				sap:updatable="false" sap:deletable="false" sap:pageable="false" sap:addressable="false" sap:content-version="1"/><EntitySet Name="payLevelSearchHelpSet" EntityType="ZPPM_PAYSCALE_MAITANANCE_SRV.payLevelSearchHelp" sap:creatable="false"
				sap:updatable="false" sap:deletable="false" sap:pageable="false" sap:addressable="false" sap:content-version="1"/><EntitySet Name="UserDetailsSet" EntityType="ZPPM_PAYSCALE_MAITANANCE_SRV.UserDetails" sap:creatable="false" sap:updatable="false"
				sap:deletable="false" sap:pageable="false" sap:addressable="false" sap:content-version="1"/><EntitySet Name="Payscale_maintSet" EntityType="ZPPM_PAYSCALE_MAITANANCE_SRV.Payscale_maint" sap:creatable="false" sap:updatable="false"
				sap:deletable="false" sap:pageable="false" sap:content-version="1"/><EntitySet Name="Payscale_typeSet" EntityType="ZPPM_PAYSCALE_MAITANANCE_SRV.Payscale_type" sap:creatable="false" sap:updatable="false"
				sap:deletable="false" sap:pageable="false" sap:addressable="false" sap:content-version="1"/><EntitySet Name="Payscale_areaSet" EntityType="ZPPM_PAYSCALE_MAITANANCE_SRV.Payscale_area" sap:creatable="false" sap:updatable="false"
				sap:deletable="false" sap:pageable="false" sap:addressable="false" sap:content-version="1"/><EntitySet Name="RateUnitSet" EntityType="ZPPM_PAYSCALE_MAITANANCE_SRV.RateUnit" sap:creatable="false" sap:updatable="false"
				sap:deletable="false" sap:pageable="false" sap:addressable="false" sap:content-version="1"/></EntityContainer><atom:link xmlns:atom="http://www.w3.org/2005/Atom" rel="self"
				href="https://hd3ci.atldc.nscorp.com:8065/sap/opu/odata/sap/ZPPM_PAYSCALE_MAITANANCE_SRV/$metadata"/><atom:link xmlns:atom="http://www.w3.org/2005/Atom" rel="latest-version"
				href="https://hd3ci.atldc.nscorp.com:8065/sap/opu/odata/sap/ZPPM_PAYSCALE_MAITANANCE_SRV/$metadata"/></Schema>
	</edmx:DataServices>
</edmx:Edmx>