<core:FragmentDefinition xmlns="sap.m" xmlns:l="sap.ui.layout" xmlns:f="sap.ui.layout.form" xmlns:core="sap.ui.core" >
	<Dialog title="{i18n>EMPLOYEE DETAILS}" showHeader="true" class="sapUiSizeCompact" contentWidth="80%">
		<!--<content>-->
		<f:SimpleForm id="simpleform3" class="sapUiSizeCompact" title="" editable="true" layout="ResponsiveGridLayout" labelSpanXL="4"
			labelSpanL="4" labelSpanM="12" labelSpanS="12" adjustLabelSpan="false" emptySpanL="0" emptySpanM="0" emptySpanS="0" emptySpanXL="0"
			columnsXL="2" columnsL="2" columnsM="2" singleContainerFullSize="false">
			<f:content>
				<core:Title/>
				<Label text="EMPLOYEE NAME" required="true" design="Bold"/>
				<Input  placeholder="Firstname" value="{createmodel>/Firstname}"/>
				<Input  placeholder="Secondname" value="{createmodel>/Secondname}"/>
				<Label text="DESIGNATION" design="Bold"/>
				<ComboBox placeholder="DESIGNATION " items="{desmodel>/}" selectedKey="{createmodel>/Designation}">
					<items>
						<core:Item key="{desmodel>Description}" text="{desmodel>Description}"/>
					</items>
				</ComboBox>
				<Label text="LOCATION" design="Bold"/>
				<ComboBox placeholder="LOCATION" items="{Locmodel>/}" selectedKey="{createmodel>/Location}"> 
					<items>
						<core:Item key="{Locmodel>Description}" text="{Locmodel>Description}"/>
					</items>
				</ComboBox>
				<Label text="DEPARTMENT" design="Bold"/>
				<Input showValueHelp="true" valueHelpRequest="deptdialogboxopen" suggestionItems="{path: 'depmodel>/'}" value="{dummyModel>/empDept}" showSuggestion="true" placeholder="DEPARTMENT">
							<core:Item key="{depmodel>Desgkey}" text="{depmodel>Description}"/>
				</Input>
				<Label text="REPORTING TO" design="Bold"/>
				<Input placeholder="REPOTING TO" value="{createmodel>/Reportto}"></Input>
				<Label text="EXPERIENCE" design="Bold"/>
				<Input placeholder="EXPERIENCE" value="{createmodel>/Experience}"></Input>
				<Label text="JOINING DATE" design="Bold"/>
				<DatePicker placeholder="JOININGDATE" value="{createmodel>/Joiningdate}" valueFormat="yyyy-MM-ddTHH:mm:ss" name="joiningDate" change="ValidateInput"></DatePicker>
				<Label text="DATE OF BIRTH" design="Bold"/>
				<DatePicker placeholder="DATE OF BIRTH" value="{createmodel>/Dob}" valueFormat="yyyy-MM-ddTHH:mm:ss"/>
				<core:Title/>
				<Label text="STREET NAME" design="Bold"/>
				<Input  placeholder="STREET NAME" value="{createmodel>/Street}"/>
				<Input  placeholder="VILLAGE/CITY" value="{createmodel>/Village}"/>
				<Label text="LAND MARK" design="Bold"/>
				<Input placeholder="LANDMARK" value="{createmodel>/Landmark}"/>
				<Label text="MANDALAM" design="Bold"/>
				<Input  placeholder="MANDALAM" value="{createmodel>/Mandal}"/>
				<Input  placeholder="DISTRICT" value="{createmodel>/District}"/>
				<Label text="STATE" design="Bold"/>
				<Input  placeholder="STATE" value="{createmodel>/State}"/>
				<Input  placeholder="PINCODE" value="{createmodel>/Pincode}"/>
				<Label text="PHONE NUMBER" design="Bold"/>
				<Input  placeholder="PHONENUMBER" type="Number" value="{createmodel>/Phonenumber}"/>
				<Label text="2022 RATING" design="Bold"/>
				<Input  placeholder="0" value="{createmodel>/Op2022}" editable="{yearVisibility>/Op2022}"/>
				<Label text="2021 RATING" design="Bold"/>
				<Input  placeholder="0" value="{createmodel>/Op2021}" editable="{yearVisibility>/Op2021}"/>
				<Label text="2020 RATING" design="Bold"/>
				<Input  placeholder="0" value="{createmodel>/Op2020}" editable="{yearVisibility>/Op2020}"/>
			</f:content>
		</f:SimpleForm>
		<!--</content>-->
		<buttons>
			<Button icon="sap-icon://accept" press="OnpressCreate" text="Create" type="Accept"/>
			<Button icon="sap-icon://sys-cancel" press="onPressCancel" text="Cancel" type="Reject"/>
		</buttons>
	</Dialog>
</core:FragmentDefinition>