<core:FragmentDefinition xmlns:core="sap.ui.core" xmlns:f="sap.ui.layout.form" xmlns:l="sap.ui.layout" xmlns="sap.m">
	<Dialog class="sapUiSizeCompact" contentHeight="30%" contentWidth="20%" draggable="true" id="Plant" title="{i18n>plants}">
		<Toolbar>
			<SearchField liveChange="onSearchPlants" width="100%" id="searchFiledId"/>
		</Toolbar>
		<Table backgroundDesign="Translucent" class="sapUiSizeCompact" headerDesign="Standard" id="plantName" includeItemInSelection="true"
			items="{path: 'PlantModel>/data'}" mode="MultiSelect" selectionChange="plantSelectionChange" updateFinished="onFinished">
			<columns>
				<Column demandPopin="true" minScreenWidth="Tablet">
					<header>
						<Label design="Bold" text="{i18n>LabelPlant}" width="100%"/>
					</header>
				</Column>
			</columns>
			<items>
				<ColumnListItem >
					<cells>
						<Text text="{PlantModel>plant}"/>
					</cells>
				</ColumnListItem>
			</items>
		</Table>
		<beginButton>
			<Button id="accept" press="onAccept" text="{i18n>accept}"/>
		</beginButton>
		<endButton>
			<Button id="cancel" press="onCancel" text="{i18n>cancel}"/>
		</endButton>
	</Dialog>
</core:FragmentDefinition>