<core:FragmentDefinition xmlns="sap.m" xmlns:core="sap.ui.core" xmlns:l="sap.ui.layout" xmlns:f="sap.ui.layout.form">
	<Dialog  title="{i18n>additionalInfoTitle}" class="sapUiSizeCompact dialog additionalInfoDialogWidthCls">
		<f:SimpleForm id="additionalInfoForm"  singleContainerFullSize="true" columnsM="1" columnsL="1" columnsXL="2" emptySpanS="2" emptySpanM="2"
			emptySpanL="2" emptySpanXL="6" adjustLabelSpan="true" labelSpanS="4" labelSpanM="4" labelSpanL="4" labelSpanXL="4"
			layout="ResponsiveGridLayout" editable="true" class="FormTitleHeight">
			<f:content>
			</f:content>
		</f:SimpleForm>
		<beginButton>
			<Button text="{i18n>okBtn}" press="onUploadAdditionalData" class="clsBtnColorYellowGreen"/>
		</beginButton>
		<endButton>
			<Button text="{i18n>cancel}" press="onAdditionalDataCancel" class="clsBtnColorYellowRed"/>
		</endButton>
	</Dialog>
</core:FragmentDefinition>