<core:FragmentDefinition xmlns="sap.m" xmlns:core="sap.ui.core">
	<Dialog id="employeeDialogId" title="{i18n>prnrNoTitle}"
		class="sapUiSizeCompact dialog">
		<Toolbar class="toolbarBottomBorderCls">
			<SearchField width="100%" class="sapUiSmallMargin searchFieldCls" search="onEmpSearch" id="empSearchId" placeholder="{i18n>enterEmpIdPlaceHolder}"/>
		</Toolbar>
		<Table id="empTableId" width="auto" items="{path:'oEmpData>/results'}"
			class="sapUiResponsiveMargin tableCls" includeItemInSelection="true">
			<columns>
				<Column>
					<Label text="{i18n>empNumb}" design="Bold"/>
				</Column>
				<Column>
					<Label text="{i18n>desc}" design="Bold"/>
				</Column>
			</columns>
			<items>
				<ColumnListItem press="onEmpSubmit" type="Active">
					<cells>
						<Text text="{oEmpData>EmpNo}" class="textColor"/>
						<Text text="{oEmpData>EmpName}" class="textColor"/>
					</cells>
				</ColumnListItem>
			</items>
		</Table>
		<endButton>
			<Button text="{i18n>cancel}" press="onEmpCancel" class="clsBtnColorYellowRed"/>
		</endButton>
	</Dialog>
</core:FragmentDefinition>