<core:FragmentDefinition xmlns="sap.m" xmlns:core="sap.ui.core">
	<Dialog id="pernrDialogue" title="{i18n>prnrNoTitle}" class="sapUiSizeCompact dialog">
		<Toolbar class="toolbarBottomBorderCls">
			<SearchField width="100%" class="sapUiSmallMargin searchFieldCls" liveChange="onPernrTableFilter" search="onPernrSearch" id="pernrSearch"
				placeholder="{i18n>enterPrnrNo}"/>
		</Toolbar>
		<Table id="pernrTable" width="auto" items="{path:'oPernrData>/results'}" class="sapUiResponsiveMargin tableCls" 
			includeItemInSelection="true">
			<columns>
				<Column>
					<Label text="{i18n>empNumb}" design="Bold"/>
				</Column>
				<Column>
					<Label text="{i18n>desc}" design="Bold"/>
				</Column>
			</columns>
			<items>
				<ColumnListItem press="onPernrSubmit" type="Active">
					<cells>
						<Text text="{oPernrData>Pernr}" class="textColor"/>
						<Text text="{oPernrData>PernrDesc}" class="textColor"/>
					</cells>
				</ColumnListItem>
			</items>
		</Table>
		<beginButton>
			<Button visible="false" text="{i18n>submit}" press="onPernrSubmit" class="clsBtnColorYellowGreen"/>
		</beginButton>
		<endButton>
			<Button text="{i18n>cancel}" press="onPernrCancel" class="clsBtnColorYellowRed"/>
		</endButton>
	</Dialog>
</core:FragmentDefinition>