<core:FragmentDefinition xmlns="sap.m" xmlns:core="sap.ui.core">
	<Dialog id="tcuRosterDialogue" title="{i18n>rosterTitle}"
		class="sapUiSizeCompact dialog">
		<IconTabBar id="idTcuRosterIconTabBar" select="tcuHandleIconTabBarSelect"
			class="clsITBarCls">
			<items>
				<IconTabFilter text="{i18n>rosterNoTabText}" key="{i18n>rosterNoTabText}">
					<Toolbar class="toolbarBottomBorderCls">
						<SearchField width="100%" class="sapUiSmallMargin searchFieldCls" liveChange="onTcuRosterNoDescSearch" id="dialoguTcuRosterNoDescSearch"
							placeholder="{i18n>rosterNoPlaceHolder}" search="onTcuRosterSearch"/>
					</Toolbar>
					<Table id="tcuRosterNoDescTabTable" items="{path:'tcuRosterNoDescModelData>/results'}" includeItemInSelection="true"
						class="tableCls" visible="false" growing="true" growingThreshold="20" growingScrollToLoad="true">
						<columns>
							<Column>
								<Label text="{i18n>rosterNoColumnLabel}" design="Bold"/>
							</Column>
							<Column>
								<VBox>
									<Label text="{i18n>rosterColumnLabel}" design="Bold"/>
									<Label text="{i18n>descColumnLabel}" design="Bold"/>
								</VBox>
							</Column>
							<Column>
								<Label text="{i18n>unionColumnLabel}" design="Bold"/>
							</Column>
							<Column>
								<Label text="{i18n>deptColumnLabel}" design="Bold"/>
							</Column>
							<Column visible="false">
								<Label text="{i18n>statusColumnLabel}" design="Bold"/>
							</Column>
						</columns>
						<items>
							<ColumnListItem press="onTcuRosterDataSubmit" type="Active">
								<cells>
									<Text text="{tcuRosterNoDescModelData>RosterNo}" class="textColor"/>
									<Text text="{tcuRosterNoDescModelData>RostDesc}" class="textColor"/>
									<Text text="{tcuRosterNoDescModelData>Union}" class="textColor"/>
									<Text text="{tcuRosterNoDescModelData>Department}" class="textColor"/>
									<Text text="{tcuRosterNoDescModelData>Status}" class="textColor"/>
								</cells>
							</ColumnListItem>
						</items>
					</Table>
				</IconTabFilter>
				<IconTabFilter text="{i18n>deptTabText}" key="{i18n>deptTabText}">
					<Toolbar class="toolbarBottomBorderCls">
						<SearchField width="100%" class="sapUiSmallMargin searchFieldCls" liveChange="onTcuDeptSearch" id="dialoguTcuDeptSearch"
							placeholder="{i18n>deptSrchPlaceHolder}" search="onTcuRosterSearch"/>
					</Toolbar>
					<Table id="tcuDeptTabTable" items="{path: 'tcuDeptModelData>/results'}" includeItemInSelection="true"
						class="tableCls" growing="true" growingThreshold="20" growingScrollToLoad="true" visible="false">
						<columns>
							<Column>
								<Label text="{i18n>rosterNoColumnLabel}" design="Bold"/>
							</Column>
							<Column>
								<VBox>
									<Label text="{i18n>rosterColumnLabel}" design="Bold"/>
									<Label text="{i18n>descColumnLabel}" design="Bold"/>
								</VBox>
							</Column>
							<Column>
								<Label text="{i18n>unionColumnLabel}" design="Bold"/>
							</Column>
							<Column>
								<Label text="{i18n>deptColumnLabel}" design="Bold"/>
							</Column>
							<Column visible="false">
								<Label text="{i18n>statusColumnLabel}" design="Bold"/>
							</Column>
						</columns>
						<items>
							<ColumnListItem press="onTcuRosterDataSubmit" type="Active">
								<cells>
									<Text text="{tcuDeptModelData>RosterNo}" class="textColor"/>
									<Text text="{tcuDeptModelData>RostDesc}" class="textColor"/>
									<Text text="{tcuDeptModelData>Union}" class="textColor"/>
									<Text text="{tcuDeptModelData>Department}" class="textColor"/>
									<Text text="{tcuDeptModelData>Status}" class="textColor"/>
								</cells>
							</ColumnListItem>
						</items>
					</Table>
				</IconTabFilter>
				<IconTabFilter text="{i18n>empIdNameTabText}" key="{i18n>empIdNameTabText}">
					<Toolbar class="toolbarBottomBorderCls">
						<SearchField width="100%" class="sapUiSmallMargin searchFieldCls" liveChange="onTcuEmpIdNameSearch" id="dialoguTcuEmpIdNameSearch"
							placeholder="{i18n>empIdSrchPlaceHolder}" search="onTcuRosterSearch"/>
					</Toolbar>
					<Table id="tcuEmpIdNameTabTable" items="{path:'tcuEmpIdNameModelData>/results'}" includeItemInSelection="true"
						class="tableCls" growing="true" growingThreshold="20" growingScrollToLoad="true" visible="false">
						<columns>
							<Column>
								<Label text="{i18n>rosterNoColumnLabel}" design="Bold"/>
							</Column>
							<Column>
								<VBox>
									<Label text="{i18n>rosterColumnLabel}" design="Bold"/>
									<Label text="{i18n>descColumnLabel}" design="Bold"/>
								</VBox>
							</Column>
							<Column>
								<Label text="{i18n>unionColumnLabel}" design="Bold"/>
							</Column>
							<Column>
								<Label text="{i18n>deptColumnLabel}" design="Bold"/>
							</Column>
							<Column visible="false">
								<Label text="{i18n>statusColumnLabel}" design="Bold"/>
							</Column>
						</columns>
						<items>
							<ColumnListItem press="onTcuRosterDataSubmit" type="Active">
								<cells>
									<Text text="{tcuEmpIdNameModelData>RosterNo}" class="textColor"/>
									<Text text="{tcuEmpIdNameModelData>RostDesc}" class="textColor"/>
									<Text text="{tcuEmpIdNameModelData>Union}" class="textColor"/>
									<Text text="{tcuEmpIdNameModelData>Department}" class="textColor"/>
									<Text text="{tcuEmpIdNameModelData>Status}" class="textColor"/>
								</cells>
							</ColumnListItem>
						</items>
					</Table>
				</IconTabFilter>
			</items>
		</IconTabBar>
		<endButton>
			<Button text="{i18n>cancel}" press="onTcuRosterDialogCancel" class="clsBtnColorYellowRed"/>
		</endButton>
	</Dialog>
</core:FragmentDefinition>