<core:FragmentDefinition xmlns="sap.m" xmlns:f="sap.ui.layout.form" xmlns:u="sap.ui.unified" xmlns:core="sap.ui.core">
	<Dialog id="attachmentDialogue" title="Download Documents"
		class="sapUiSizeCompact dialog">
		<Table id="downloadAttachmentsTable" class="tableCls" inset="true" items="{donloadModel>/results}"
			visible="true">
			<columns>
				<Column>
					<Label design="Bold" text="Attachment Name"/>
				</Column>
			</columns>
			<items>
				<ColumnListItem>
					<cells>
						<Link text="{donloadModel>DocName}" press="onAttachDownload" class="textColor"/>
					</cells>
				</ColumnListItem>
			</items>
		</Table>
		<endButton>
			<Button text="Cancel" press="onAttachCancel" class="clsBtnColorYellowRed"/>
		</endButton>
	</Dialog>
</core:FragmentDefinition>