<core:FragmentDefinition xmlns:core="sap.ui.core" xmlns:f="sap.ui.layout.form" xmlns="sap.m">
	<Dialog >
		<f:SimpleForm editable="true" layout="ResponsiveGridLayout" title="Details" labelSpanXL="4" labelSpanL="4" labelSpanM="12" labelSpanS="12"
			adjustLabelSpan="false" emptySpanXL="0" emptySpanL="0" emptySpanM="0" emptySpanS="0" columnsXL="2" columnsL="2" columnsM="1"
			singleContainerFullSize="false"  >
			<Label text="Sales Doc No"/>
			<Input value="{formModel>/Vbeln}" visible="{inputVisible>/createRow}" placeholder="Enter Sd No"/>
			<Input value="{objectData>/Vbeln}" visible="{inputVisible>/updateRow}"/>
			<Label text="Created By"/>
			<Input value="{formModel>/Ernam}" visible="{inputVisible>/createRow}" placeholder="Enter name"/>
			<Input value="{objectData>/Ernam}" visible="{inputVisible>/updateRow}"/>
			<Label text="Sales Org"/>
			<Input value="{formModel>/Vkorg}" visible="{inputVisible>/createRow}" placeholder="Sales Org"/>
			<Input value="{objectData>/Vkorg}" visible="{inputVisible>/updateRow}"/>
			<Label text="Sales Doc Type"/>
			<Input value="{formModel>/Vbtyp}" visible="{inputVisible>/createRow}" placeholder="Type"/>
			<Input value="{objectData>/Vbtyp}" visible="{inputVisible>/updateRow}"/>
			<Label text="Sales Doc Cat"/>
			<Input value="{formModel>/Auart}" visible="{inputVisible>/createRow}" placeholder="Category"/>
			<Input value="{objectData>/Auart}" visible="{inputVisible>/updateRow}"/>
			<Label text="Price"/>
			<Input value="{formModel>/Netwr}" visible="{inputVisible>/createRow}" placeholder="Price"/>
			<Input value="{objectData>/Netwr}" visible="{inputVisible>/updateRow}"/>
			<Label/>
			<Label text="Currency"/>
			<Input value="{formModel>/Waerk}" visible="{inputVisible>/createRow}" placeholder="Currency"/>
			<Input value="{objectData>/Waerk}" visible="{inputVisible>/updateRow}"/>
			<Label/>
			<!--<Label text="Barcode Text"/>-->
			<!--<Input value="{formModel>/code}" placeholder="Country"/>-->
			<!--<Label/>-->
			<!--<Label text="Barcode format"/>-->
			<!--<Input value="{formModel>/format}" placeholder="Country"/>-->
			<!--<Label/>-->
		</f:SimpleForm>
		<buttons>
			<Button text="Update" type="Accept" visible="{buttonVisible>/updateButton}" press="onUpdate"/>
			<Button text="Save" type="Accept" visible="{buttonVisible>/saveButton}" press="onCreate"></Button>
			<Button text="Cancel" type="Reject" press="onpressCancelM"></Button>
		</buttons>
	</Dialog>
</core:FragmentDefinition>