<core:FragmentDefinition xmlns:core="sap.ui.core" xmlns="sap.m">
	<!--<List items="{path: 'viewModel>/results'}">-->
	<!--	<StandardListItem title="{viewModel>/Asset_Location}" description="{viewModel>industry_Code}"/>-->
	<!--</List>-->
	<!--<StandardListItem  iconDensityAware="false" title="{viewModel>Asset_Group}" description="{materialModel>Asset}">-->
	<!--</StandardListItem>-->
	<List headerText="CRP List" items="{ path: 'orderDetails>/' }">
		<StandardListItem title="{orderDetails>Vbeln}" description="{orderDetails>Vbeln}"/>
	</List>
</core:FragmentDefinition>