<core:FragmentDefinition xmlns:core="sap.ui.core" xmlns="sap.m">
	<Dialog  class="sapUiSizeCompact" contentHeight="40%" contentWidth="100%" title="{i18n>titleFragement}" resizable="true" draggable="true">
		<Table  id="tab1" class="sapUiSizeCompact TableClass tablecss" items="{ path : 'viewModel>/results'}" mode="SingleSelect">
			<columns>
				<Column  hAlign="Center">
					<Label  design="Bold" text="{i18n>retirementUnit}"/>
				</Column>
				<Column hAlign="Center">
					<Label design="Bold" text="{i18n>comp_code}"/>
				</Column>
				<Column hAlign="Center">
					<Label design="Bold" text="{i18n>Asset_Grp}"/>
				</Column>
				<Column hAlign="Center">
					<Label design="Bold" text="{i18n>Asset_Loc}"/>
				</Column>
				<Column hAlign="Center">
					<Label design="Bold" text="{i18n>vintage}"/>
				</Column>
				<Column hAlign="Center">
					<Label design="Bold" text="{i18n>plant_acnt}"/>
				</Column>
				<Column hAlign="Center">
					<Label design="Bold" text="{i18n>industry_Code}"/>
				</Column>
				<Column hAlign="Center">
					<Label design="Bold" text="{i18n>Asset}"/>
				</Column>
				<Column hAlign="Center">
					<Label design="Bold" text="{i18n>Asset_type}"/>
				</Column>
				
			</columns>
			<items>
				<ColumnListItem>
					<cells>
						<Text text="{viewModel>retirement_Unit}"/>
						<Text text="{viewModel>company_Code}"/>
						<Text text="{viewModel>Asset_Group}"/>
						<Text text="{viewModel>Asset_Location}"/>
						<Text text="{viewModel>vintage}"/>
						<Text text="{viewModel>plant_Account}"/>
						<Text text="{viewModel>industry_Code}"/>
						<Text text="{viewModel>Asset}"/>
						<Text text="{viewModel>Asset_Type}"/>
						
					</cells>
				</ColumnListItem>
			</items>
		</Table>
		<buttons>
			<Button icon="sap-icon://accept" press="onConfirm" text="{i18n>save}" type="Accept"/>
			<Button icon="sap-icon://sys-cancel" press="onpressCancelM" text="{i18n>cancel}" type="Reject"/>
		</buttons>
	</Dialog>
</core:FragmentDefinition>