<core:FragmentDefinition xmlns:core="sap.ui.core" xmlns="sap.m" xmlns:table="sap.ui.table">
	<Dialog class="sapUiSizeCompact" contentHeight="40%" contentWidth="65%" title="{i18n>titleFragement}" resizable="true" draggable="true">
		<table:Table id="tab2" rows="{path: 'viewModel>/results'}"  visibleRowCount="9" alternateRowColors="true">
			<table:columns>
				<table:Column >
					<Label text="{i18n>retirementUnit}"/>
					<table:template>
						<Text text="{viewModel>retirement_Unit}"/>
					</table:template>
				</table:Column>
				<table:Column>
					<Label text="{i18n>comp_code}"/>
					<table:template>
						<Text text="{viewModel>company_Code}"/>
					</table:template>
				</table:Column>
				<table:Column>
					<Label text="{i18n>Asset_Grp}"/>
					<table:template>
						<Text text="{viewModel>Asset_Group}"/>
					</table:template>
				</table:Column>
				<table:Column>
					<Label text="{i18n>Asset_Loc}"/>
					<table:template>
						<Text text="{viewModel>Asset_Location}"/>
					</table:template>
				</table:Column>
				<table:Column>
					<Label text="{i18n>vintage}"/>
					<table:template>
						<Text text="{viewModel>vintage}"/>
					</table:template>
				</table:Column>
				<table:Column>
					<Label text="{i18n>plant_acnt}"/>
					<table:template>
						<Text text="{viewModel>plant_Account}"/>
					</table:template>
				</table:Column>
				<table:Column>
					<Label text="{i18n>industry_Code}"/>
					<table:template>
						<Text text="{viewModel>industry_Code}"/>
					</table:template>
				</table:Column>
				<table:Column>
					<Label text="{i18n>Asset}"/>
					<table:template>
						<Text text="{viewModel>Asset}"/>
					</table:template>
				</table:Column>
				<table:Column>
					<Label text="{i18n>Asset_type}"/>
					<table:template>
						<Text text="{viewModel>Asset_Type}"/>
					</table:template>
				</table:Column>
			</table:columns>
		</table:Table>
		<buttons>
			<Button icon="sap-icon://accept" visible="{dummyModel>/buttonVisible}" press="onAcceptPressInput" text="{i18n>save}" type="Accept"/>
			<Button icon="sap-icon://sys-cancel" press="onpressCancelU" text="{i18n>cancel}" type="Reject"/>
		</buttons>
	</Dialog>
</core:FragmentDefinition>