<edmx:Edmx
    xmlns:edmx="http://schemas.microsoft.com/ado/2007/06/edmx"
    xmlns:m="http://schemas.microsoft.com/ado/2007/08/dataservices/metadata"
    xmlns:sap="http://www.sap.com/Protocols/SAPData" Version="1.0">
    <edmx:DataServices m:DataServiceVersion="2.0">
        <Schema
            xmlns="http://schemas.microsoft.com/ado/2008/09/edm" Namespace="ZMM_VENDORDETAIL_SRV" xml:lang="en" sap:schema-version="1">
            <EntityType Name="Vendor_head" sap:content-version="1">
                <Key>
                    <PropertyRef Name="Lifnr"/>
                </Key>
                <Property Name="Lifnr" Type="Edm.String" Nullable="false" MaxLength="10" sap:label="Vendor" sap:creatable="false" sap:updatable="false" sap:sortable="false" sap:filterable="false"/>
                <Property Name="Name" Type="Edm.String" Nullable="false" MaxLength="35" sap:label="Name" sap:creatable="false" sap:updatable="false" sap:sortable="false" sap:filterable="false"/>
                <Property Name="MdmDate" Type="Edm.DateTime" Precision="0" sap:label="MdmDate" sap:creatable="false" sap:updatable="false" sap:sortable="false" sap:filterable="false"/>
                <Property Name="AverageRating" Type="Edm.Byte" Nullable="false" sap:label="Avg Rating" sap:creatable="false" sap:updatable="false" sap:sortable="false" sap:filterable="false"/>
                <Property Name="Ktokk" Type="Edm.String" Nullable="false" MaxLength="4" sap:label="Account group" sap:creatable="false" sap:updatable="false" sap:sortable="false" sap:filterable="false"/>
                <Property Name="Sperz" Type="Edm.String" Nullable="false" MaxLength="1" sap:label="Payment block" sap:creatable="false" sap:updatable="false" sap:sortable="false" sap:filterable="false"/>
                <Property Name="City" Type="Edm.String" Nullable="false" MaxLength="25" sap:label="City" sap:creatable="false" sap:updatable="false" sap:sortable="false" sap:filterable="false"/>
                <Property Name="Regio" Type="Edm.String" Nullable="false" MaxLength="3" sap:label="Region" sap:creatable="false" sap:updatable="false" sap:sortable="false" sap:filterable="false"/>
                <Property Name="Country" Type="Edm.String" Nullable="false" MaxLength="3" sap:label="Country" sap:creatable="false" sap:updatable="false" sap:sortable="false" sap:filterable="false"/>
                <NavigationProperty Name="polist_for_vendornav" Relationship="ZMM_VENDORDETAIL_SRV.polist_for_vendor" FromRole="FromRole_polist_for_vendor" ToRole="ToRole_polist_for_vendor"/>
            </EntityType>
            <EntityType Name="PO_LIST" sap:content-version="1">
                <Key>
                    <PropertyRef Name="Lifnr"/>
                </Key>
                <Property Name="Lifnr" Type="Edm.String" Nullable="false" MaxLength="10" sap:label="Vendor" sap:creatable="false" sap:updatable="false" sap:sortable="false" sap:filterable="false"/>
                <Property Name="Ebeln" Type="Edm.String" Nullable="false" MaxLength="10" sap:label="Purchasing Doc." sap:creatable="false" sap:updatable="false" sap:sortable="false" sap:filterable="false"/>
                <Property Name="Bukrs" Type="Edm.String" Nullable="false" MaxLength="4" sap:label="Company Code" sap:creatable="false" sap:updatable="false" sap:sortable="false" sap:filterable="false"/>
                <Property Name="Statu" Type="Edm.String" Nullable="false" MaxLength="1" sap:label="Status" sap:creatable="false" sap:updatable="false" sap:sortable="false" sap:filterable="false"/>
                <Property Name="Bsart" Type="Edm.String" Nullable="false" MaxLength="4" sap:label="Document Type" sap:creatable="false" sap:updatable="false" sap:sortable="false" sap:filterable="false"/>
                <Property Name="Ekorg" Type="Edm.String" Nullable="false" MaxLength="4" sap:label="Purchasing Org." sap:creatable="false" sap:updatable="false" sap:sortable="false" sap:filterable="false"/>
                <Property Name="AvailQuan" Type="Edm.Decimal" Nullable="false" Precision="3" Scale="0" sap:label="Available Quantity" sap:creatable="false" sap:updatable="false" sap:sortable="false" sap:filterable="false"/>
                <Property Name="TotalQuan" Type="Edm.Decimal" Nullable="false" Precision="3" Scale="0" sap:label="Total Quantity" sap:creatable="false" sap:updatable="false" sap:sortable="false" sap:filterable="false"/>
                <Property Name="ReqQuan" Type="Edm.Decimal" Nullable="false" Precision="3" Scale="0" sap:label="Required Quantity" sap:creatable="false" sap:updatable="false" sap:sortable="false" sap:filterable="false"/>
            </EntityType>
            <Association Name="polist_for_vendor" sap:content-version="1">
                <End Type="ZMM_VENDORDETAIL_SRV.Vendor_head" Multiplicity="1" Role="FromRole_polist_for_vendor"/>
                <End Type="ZMM_VENDORDETAIL_SRV.PO_LIST" Multiplicity="*" Role="ToRole_polist_for_vendor"/>
                <ReferentialConstraint>
                    <Principal Role="FromRole_polist_for_vendor">
                        <PropertyRef Name="Lifnr"/>
                    </Principal>
                    <Dependent Role="ToRole_polist_for_vendor">
                        <PropertyRef Name="Lifnr"/>
                    </Dependent>
                </ReferentialConstraint>
            </Association>
            <EntityContainer Name="ZMM_VENDORDETAIL_SRV_Entities" m:IsDefaultEntityContainer="true" sap:supported-formats="atom json xlsx">
                <EntitySet Name="Vendor_headSet" EntityType="ZMM_VENDORDETAIL_SRV.Vendor_head" sap:creatable="false" sap:updatable="false" sap:deletable="false" sap:pageable="false" sap:content-version="1"/>
                <EntitySet Name="PO_LISTSet" EntityType="ZMM_VENDORDETAIL_SRV.PO_LIST" sap:creatable="false" sap:updatable="false" sap:deletable="false" sap:pageable="false" sap:content-version="1"/>
                <AssociationSet Name="polist_for_vendorSet" Association="ZMM_VENDORDETAIL_SRV.polist_for_vendor" sap:creatable="false" sap:updatable="false" sap:deletable="false" sap:content-version="1">
                    <End EntitySet="Vendor_headSet" Role="FromRole_polist_for_vendor"/>
                    <End EntitySet="PO_LISTSet" Role="ToRole_polist_for_vendor"/>
                </AssociationSet>
            </EntityContainer>
            <atom:link
                xmlns:atom="http://www.w3.org/2005/Atom" rel="self" href="./sap/ZMM_VENDORDETAIL1_SRV/$metadata"/>
                <atom:link
                    xmlns:atom="http://www.w3.org/2005/Atom" rel="latest-version" href="./sap/ZMM_VENDORDETAIL1_SRV/$metadata"/>
                </Schema>
            </edmx:DataServices>
        </edmx:Edmx>