{
    "resources": [
        {
            "name": "Component-dbg.js",
            "isDebug": true
        },
        {
            "name": "Component-preload.js",
            "merged": true
        },
        {
            "name": "Component.js"
        },
        {
            "name": "controller/App-dbg.controller.js",
            "isDebug": true
        },
        {
            "name": "controller/App.controller.js"
        },
        {
            "name": "controller/ApproveQual-dbg.controller.js",
            "isDebug": true
        },
        {
            "name": "controller/ApproveQual.controller.js"
        },
        {
            "name": "controller/BaseController-dbg.js",
            "isDebug": true
        },
        {
            "name": "controller/BaseController.js"
        },
        {
            "name": "controller/ErrorHandler-dbg.js",
            "isDebug": true
        },
        {
            "name": "controller/ErrorHandler.js"
        },
        {
            "name": "controller/NotFound-dbg.controller.js",
            "isDebug": true
        },
        {
            "name": "controller/NotFound.controller.js"
        },
        {
            "name": "controller/Object-dbg.controller.js",
            "isDebug": true
        },
        {
            "name": "controller/Object.controller.js"
        },
        {
            "name": "controller/QualDispEdit-dbg.controller.js",
            "isDebug": true
        },
        {
            "name": "controller/QualDispEdit.controller.js"
        },
        {
            "name": "controller/Worklist-dbg.controller.js",
            "isDebug": true
        },
        {
            "name": "controller/Worklist.controller.js"
        },
        {
            "name": "css/style-dbg.css",
            "isDebug": true
        },
        {
            "name": "css/style.css"
        },
        {
            "name": "di.code-validation.core_issues.json"
        },
        {
            "name": "fragment/ATDARoster.fragment.xml"
        },
        {
            "name": "fragment/AdditionalInformation.fragment.xml"
        },
        {
            "name": "fragment/Delimit.fragment.xml"
        },
        {
            "name": "fragment/Division.fragment.xml"
        },
        {
            "name": "fragment/EmployeeId.fragment.xml"
        },
        {
            "name": "fragment/EngRoster.fragment.xml"
        },
        {
            "name": "fragment/IlaRoster.fragment.xml"
        },
        {
            "name": "fragment/MechRoster.fragment.xml"
        },
        {
            "name": "fragment/Pernr.fragment.xml"
        },
        {
            "name": "fragment/Qualification.fragment.xml"
        },
        {
            "name": "fragment/RosterNo.fragment.xml"
        },
        {
            "name": "fragment/TcuAtdaRoster.fragment.xml"
        },
        {
            "name": "fragment/UploadDocuments.fragment.xml"
        },
        {
            "name": "i18n/i18n.properties",
            "raw": "i18n/i18n.properties"
        },
        {
            "name": "images/grey-trax.jpg"
        },
        {
            "name": "index.html"
        },
        {
            "name": "manifest-bundle.zip"
        },
        {
            "name": "manifest.json"
        },
        {
            "name": "model/formatter-dbg.js",
            "isDebug": true
        },
        {
            "name": "model/formatter.js"
        },
        {
            "name": "model/models-dbg.js",
            "isDebug": true
        },
        {
            "name": "model/models.js"
        },
        {
            "name": "neo-app.json"
        },
        {
            "name": "sap-ui-cachebuster-info.json"
        },
        {
            "name": "view/App.view.xml"
        },
        {
            "name": "view/ApproveQual.view.xml"
        },
        {
            "name": "view/NotFound.view.xml"
        },
        {
            "name": "view/Object.view.xml"
        },
        {
            "name": "view/ObjectNotFound.view.xml"
        },
        {
            "name": "view/QualDispEdit.view.xml"
        },
        {
            "name": "view/Worklist.view.xml"
        }
    ]
}