{
  "Component-dbg.js": 1585054398863,
  "Component-preload.js": 1585054399013,
  "Component.js": 1585047148000,
  "controller/App-dbg.controller.js": 1585054398863,
  "controller/App.controller.js": 1585047148000,
  "controller/ApproveQual-dbg.controller.js": 1585054398873,
  "controller/ApproveQual.controller.js": 1585047148000,
  "controller/BaseController-dbg.js": 1585054398873,
  "controller/BaseController.js": 1585047148000,
  "controller/ErrorHandler-dbg.js": 1585054398873,
  "controller/ErrorHandler.js": 1585047148000,
  "controller/NotFound-dbg.controller.js": 1585054398873,
  "controller/NotFound.controller.js": 1585047148000,
  "controller/Object-dbg.controller.js": 1585054398873,
  "controller/Object.controller.js": 1585047148000,
  "controller/QualDispEdit-dbg.controller.js": 1585054398873,
  "controller/QualDispEdit.controller.js": 1585047148000,
  "controller/Worklist-dbg.controller.js": 1585054398873,
  "controller/Worklist.controller.js": 1585047148000,
  "css/style-dbg.css": 1585054398873,
  "css/style.css": 1585047148000,
  "di.code-validation.core_issues.json": 1585054395473,
  "fragment/ATDARoster.fragment.xml": 1585047148000,
  "fragment/AdditionalInformation.fragment.xml": 1585047148000,
  "fragment/Delimit.fragment.xml": 1585047148000,
  "fragment/Division.fragment.xml": 1585047148000,
  "fragment/EmployeeId.fragment.xml": 1585047148000,
  "fragment/EngRoster.fragment.xml": 1585047148000,
  "fragment/IlaRoster.fragment.xml": 1585047148000,
  "fragment/MechRoster.fragment.xml": 1585047148000,
  "fragment/Pernr.fragment.xml": 1585047148000,
  "fragment/Qualification.fragment.xml": 1585047148000,
  "fragment/RosterNo.fragment.xml": 1585047148000,
  "fragment/TcuAtdaRoster.fragment.xml": 1585047148000,
  "fragment/UploadDocuments.fragment.xml": 1585047148000,
  "i18n/i18n.properties": 1585047148000,
  "images/grey-trax.jpg": 1585047148000,
  "index.html": 1585047148000,
  "manifest-bundle.zip": 1585054399273,
  "manifest.json": 1585054395593,
  "model/formatter-dbg.js": 1585054398873,
  "model/formatter.js": 1585047148000,
  "model/models-dbg.js": 1585054398873,
  "model/models.js": 1585047148000,
  "neo-app.json": 1585054399053,
  "view/App.view.xml": 1585047148000,
  "view/ApproveQual.view.xml": 1585047148000,
  "view/NotFound.view.xml": 1585047148000,
  "view/Object.view.xml": 1585047148000,
  "view/ObjectNotFound.view.xml": 1585047148000,
  "view/QualDispEdit.view.xml": 1585047148000,
  "view/Worklist.view.xml": 1585047148000
}