{
	"results":[{
		"retirement_Unit": "Unit1",
		"company_Code": "Code1",
		"Asset_Group": "Asset Group1",
		"Asset_Location":"India",
		"vintage": "2022",
		"plant_Account": "1000",
		"industry_Code": "SAP",
		"Asset": "50001",
		"Asset_Type": "Normal Asset"
	},{
		"retirement_Unit": "Unit2",
		"company_Code": "Code2",
		"Asset_Group": "Asset Group2",
		"Asset_Location":"India",
		"vintage": "2022",
		"plant_Account": "2000",
		"industry_Code": "SAP",
		"Asset": "50002",
		"Asset_Type": "Normal Asset"
	},{
		"retirement_Unit": "Unit3",
		"company_Code": "Code3",
		"Asset_Group": "Asset Group3",
		"Asset_Location":"India",
		"vintage": "2022",
		"plant_Account": "3000",
		"industry_Code": "SAP",
		"Asset": "50003",
		"Asset_Type": "Normal Asset"
	},{
		"retirement_Unit": "Unit4",
		"company_Code": "Code4",
		"Asset_Group": "Asset Group4",
		"Asset_Location":"India",
		"vintage": "2022",
		"plant_Account": "4000",
		"industry_Code": "SAP",
		"Asset": "50004",
		"Asset_Type": "Normal Asset"
	},{
		"retirement_Unit": "Unit5",
		"company_Code": "Code5",
		"Asset_Group": "Asset Group5",
		"Asset_Location":"India",
		"vintage": "2022",
		"plant_Account": "5000",
		"industry_Code": "SAP",
		"Asset": "50005",
		"Asset_Type": "Normal Asset"
	},{
		"retirement_Unit": "Unit6",
		"company_Code": "Code6",
		"Asset_Group": "Asset Group6",
		"Asset_Location":"India",
		"vintage": "2022",
		"plant_Account": "6000",
		"industry_Code": "SAP",
		"Asset": "50006",
		"Asset_Type": "Normal Asset"
	},{
		"retirement_Unit": "Unit7",
		"company_Code": "Code7",
		"Asset_Group": "Asset Group7",
		"Asset_Location":"India",
		"vintage": "2022",
		"plant_Account": "7000",
		"industry_Code": "SAP",
		"Asset": "50007",
		"Asset_Type": "Normal Asset"
	},{
		"retirement_Unit": "Unit8",
		"company_Code": "Code8",
		"Asset_Group": "Asset Group8",
		"Asset_Location":"India",
		"vintage": "2022",
		"plant_Account": "8000",
		"industry_Code": "SAP",
		"Asset": "50008",
		"Asset_Type": "Normal Asset"
	},{
		"retirement_Unit": "Unit9",
		"company_Code": "Code9",
		"Asset_Group": "Asset Group9",
		"Asset_Location":"India",
		"vintage": "2022",
		"plant_Account": "9000",
		"industry_Code": "SAP",
		"Asset": "50009",
		"Asset_Type": "Normal Asset"
	},{
		"retirement_Unit": "Unit10",
		"company_Code": "Code10",
		"Asset_Group": "Asset Group10",
		"Asset_Location":"India",
		"vintage": "2022",
		"plant_Account": "10000",
		"industry_Code": "SAP",
		"Asset": "50010",
		"Asset_Type": "Normal Asset"
	},{
		"retirement_Unit": "Unit11",
		"company_Code": "Code11",
		"Asset_Group": "Asset Group11",
		"Asset_Location":"India",
		"vintage": "2022",
		"plant_Account": "11000",
		"industry_Code": "SAP",
		"Asset": "50011",
		"Asset_Type": "Normal Asset"
	},{
		"retirement_Unit": "Unit12",
		"company_Code": "Code12",
		"Asset_Group": "Asset Group12",
		"Asset_Location":"India",
		"vintage": "2022",
		"plant_Account": "12000",
		"industry_Code": "SAP",
		"Asset": "50012",
		"Asset_Type": "Normal Asset"
	},{
		"retirement_Unit": "Unit13",
		"company_Code": "Code13",
		"Asset_Group": "Asset Group13",
		"Asset_Location":"India",
		"vintage": "2022",
		"plant_Account": "13000",
		"industry_Code": "SAP",
		"Asset": "50013",
		"Asset_Type": "Normal Asset"
	},{
		"retirement_Unit": "Unit14",
		"company_Code": "Code14",
		"Asset_Group": "Asset Group14",
		"Asset_Location":"India",
		"vintage": "2022",
		"plant_Account": "14000",
		"industry_Code": "SAP",
		"Asset": "50014",
		"Asset_Type": "Normal Asset"
	},{
		"retirement_Unit": "Unit15",
		"company_Code": "Code15",
		"Asset_Group": "Asset Group15",
		"Asset_Location":"India",
		"vintage": "2022",
		"plant_Account": "15000",
		"industry_Code": "SAP",
		"Asset": "50015",
		"Asset_Type": "Normal Asset"
	},{
		"retirement_Unit": "Unit16",
		"company_Code": "Code16",
		"Asset_Group": "Asset Group16",
		"Asset_Location":"India",
		"vintage": "2022",
		"plant_Account": "16000",
		"industry_Code": "SAP",
		"Asset": "50016",
		"Asset_Type": "Normal Asset"
	},
	{
		"retirement_Unit": "Unit17",
		"company_Code": "Code17",
		"Asset_Group": "Asset Group17",
		"Asset_Location":"India",
		"vintage": "2022",
		"plant_Account": "17000",
		"industry_Code": "SAP",
		"Asset": "50017",
		"Asset_Type": "Normal Asset"
	},{
		"retirement_Unit": "Unit18",
		"company_Code": "Code18",
		"Asset_Group": "Asset Group18",
		"Asset_Location":"India",
		"vintage": "2022",
		"plant_Account": "18000",
		"industry_Code": "SAP",
		"Asset": "50018",
		"Asset_Type": "Normal Asset"
	},{
		"retirement_Unit": "Unit19",
		"company_Code": "Code19",
		"Asset_Group": "Asset Group19",
		"Asset_Location":"India",
		"vintage": "2022",
		"plant_Account": "19000",
		"industry_Code": "SAP",
		"Asset": "50019",
		"Asset_Type": "Normal Asset"
	},{
		"retirement_Unit": "Unit20",
		"company_Code": "Code20",
		"Asset_Group": "Asset Group20",
		"Asset_Location":"India",
		"vintage": "2022",
		"plant_Account": "20000",
		"industry_Code": "SAP",
		"Asset": "50020",
		"Asset_Type": "Normal Asset"
	}]
}