{
	"list": [{
		"Asset_Group": "Asset Group1",
		"Asset": "50001"
	},{
		"Asset_Group": "Asset Group2",
		"Asset": "50002"
	},{
		"Asset_Group": "Asset Group3",
		"Asset": "50003"
	},{
		"Asset_Group": "Asset Group4",
		"Asset": "50004"
	},{
		"Asset_Group": "Asset Group5",
		"Asset": "50005"
	},{
		"Asset_Group": "Asset Group6",
		"Asset": "50006"
	},{
		"Asset_Group": "Asset Group7",
		"Asset": "50007"
	},{
		"Asset_Group": "Asset Group8",
		"Asset": "50008"
	},{
		"Asset_Group": "Asset Group9",
		"Asset": "50009"
	},{
		"Asset_Group": "Asset Group10",
		"Asset": "50010"
	},{
		"Asset_Group": "Asset Group11",
		"Asset": "50011"
	},{
		"Asset_Group": "Asset Group12",
		"Asset": "50012"
	},{
		"Asset_Group": "Asset Group13",
		"Asset": "50013"
	},{
		"Asset_Group": "Asset Group14",
		"Asset": "50014"
	},{
		"Asset_Group": "Asset Group15",
		"Asset": "50015"
	},{
		"Asset_Group": "Asset Group16",
		"Asset": "50016"
	},{
		"Asset_Group": "Asset Group17",
		"Asset": "50017"
	},{
		"Asset_Group": "Asset Group18",
		"Asset": "50018"
	},{
		"Asset_Group": "Asset Group19",
		"Asset": "50019"
	},{
		"Asset_Group": "Asset Group20",
		"Asset": "50020"
	},{
		"Asset_Group": "Asset Group1",
		"Asset": "50020"
	}]
}